datetime,open,high,low,close,volume
2015-10-14 01:00:00.000000,132.0,132.45,131.05,131.18,3125144
2015-10-15 01:00:00.000000,131.98,133.83,131.55,133.8,3273267
2015-10-16 01:00:00.000000,134.73,135.0,132.96,133.81,3061783
2015-10-19 01:00:00.000000,133.5,133.89,133.11,133.62,2159188
2015-10-20 01:00:00.000000,133.27,134.4,133.1,134.16,2118034
2015-10-21 01:00:00.000000,134.71,135.41,133.11,133.22,2398064
2015-10-22 01:00:00.000000,133.6,137.7,133.6,137.29,4899194
2015-10-23 01:00:00.000000,138.0,138.0,136.76,137.78,3172857
2015-10-26 01:00:00.000000,137.86,137.94,136.64,137.0,2173280
2015-10-27 01:00:00.000000,136.4,136.67,135.07,135.63,2278334
2015-10-28 01:00:00.000000,135.8,138.41,135.4837,138.16,3244773
2015-10-29 01:00:00.000000,138.1,138.5,137.23,137.89,2089095
2015-10-30 01:00:00.000000,137.56,137.87,136.02,136.02,4228212
2015-11-02 01:00:00.000000,136.77,138.62,136.33,138.4,3259649
2015-11-03 01:00:00.000000,138.3,138.4799,137.71,137.94,2618357
2015-11-04 01:00:00.000000,138.0,138.08,137.06,137.43,2606334
2015-11-05 01:00:00.000000,137.48,138.03,136.32,136.57,2461529
2015-11-06 01:00:00.000000,136.44,137.19,135.1401,136.33,3732175
2015-11-09 01:00:00.000000,136.0,136.19,133.4,134.0,4884555
2015-11-10 01:00:00.000000,134.0,134.73,133.64,134.73,2932543
2015-11-11 01:00:00.000000,134.94,135.2,134.12,134.96,2063737
2015-11-12 01:00:00.000000,134.46,134.63,132.77,132.78,3789761
2015-11-13 01:00:00.000000,132.61,133.565,131.74,131.96,3589373
2015-11-16 01:00:00.000000,131.82,133.31,131.47,133.3,2965584
2015-11-17 01:00:00.000000,133.85,133.93,132.68,133.09,2882765
2015-11-18 01:00:00.000000,133.47,136.38,133.27,136.22,3772954
2015-11-19 01:00:00.000000,136.19,136.87,135.83,136.63,2755686
2015-11-20 01:00:00.000000,137.34,137.42,135.96,136.63,2921332
2015-11-23 01:00:00.000000,136.29,136.78,135.84,135.99,2469522
2015-11-24 01:00:00.000000,135.09,135.88,134.115,135.54,2759526
2015-11-25 01:00:00.000000,135.48,136.0,134.84,135.13,2137439
2015-11-27 01:00:00.000000,135.3,135.58,134.45,134.63,1243111
2015-11-30 01:00:00.000000,134.82,135.09,133.82,134.09,5087836
2015-12-01 01:00:00.000000,134.86,136.57,134.36,136.43,3797848
2015-12-02 01:00:00.000000,136.5,136.74,135.1,135.27,3710782
2015-12-03 01:00:00.000000,135.33,135.54,132.29,132.66,4378285
2015-12-04 01:00:00.000000,133.09,136.52,133.0,136.48,5520158
2015-12-07 01:00:00.000000,136.2,136.45,134.68,135.6,2794921
2015-12-08 01:00:00.000000,134.9,134.99,133.17,133.36,4055632
2015-12-09 01:00:00.000000,133.18,134.15,131.2,131.71,4062855
2015-12-10 01:00:00.000000,131.72,132.62,131.19,131.71,3463760
2015-12-11 01:00:00.000000,130.31,130.91,129.56,130.31,5483085
2015-12-14 01:00:00.000000,130.5,132.23,130.11,132.02,4418730
2015-12-15 01:00:00.000000,133.25,135.64,132.76,134.88,4703296
2015-12-16 01:00:00.000000,135.49,136.1225,133.1,135.88,4930312
2015-12-17 01:00:00.000000,135.71,136.16,133.9,133.97,3595941
2015-12-18 01:00:00.000000,133.04,133.17,129.53,129.53,8791475
2015-12-21 01:00:00.000000,131.16,131.69,129.65,131.19,4308430
2015-12-22 01:00:00.000000,131.55,133.33,131.04,133.14,3714466
2015-12-23 01:00:00.000000,133.35,134.43,133.2,134.15,3483223
2015-12-24 01:00:00.000000,134.12,134.55,133.48,133.89,1367520
2015-12-28 01:00:00.000000,133.48,133.54,132.52,133.12,2382886
2015-12-29 01:00:00.000000,134.0,134.55,133.0,134.14,3135400
2015-12-30 01:00:00.000000,133.92,134.12,133.06,133.26,2684297
2015-12-31 01:00:00.000000,133.0,133.37,131.95,132.04,3405609
2016-01-04 01:00:00.000000,130.16,131.03,128.76,130.75,6869128
2016-01-05 01:00:00.000000,130.75,131.53,129.81,131.25,4084620
2016-01-06 01:00:00.000000,129.99,131.76,129.725,131.33,5219360
2016-01-07 01:00:00.000000,129.25,130.54,129.0,129.48,7381981
2016-01-08 01:00:00.000000,130.11,130.4,128.205,128.33,6101598
2016-01-11 01:00:00.000000,128.92,129.23,127.04,128.36,4353493
2016-01-12 01:00:00.000000,129.11,129.43,127.52,128.8,4723422
2016-01-13 01:00:00.000000,128.97,129.3801,125.71,126.25,6042403
2016-01-14 01:00:00.000000,126.41,128.99,126.01,128.07,6125261
2016-01-15 01:00:00.000000,125.34,126.81,124.51,126.14,8145060
2016-01-19 01:00:00.000000,126.86,128.27,126.77,127.76,5831715
2016-01-20 01:00:00.000000,125.6,126.12,124.04,124.83,8024164
2016-01-21 01:00:00.000000,125.52,126.75,124.37,125.62,3806111
2016-01-22 01:00:00.000000,127.5,127.93,125.92,127.04,3765712
2016-01-25 01:00:00.000000,126.55,126.9,123.9,124.13,5251513
2016-01-26 01:00:00.000000,124.57,126.52,124.57,125.89,3694925
2016-01-27 01:00:00.000000,125.26,127.22,124.61,125.19,3942599
2016-01-28 01:00:00.000000,126.0,126.72,124.37,126.01,3513266
2016-01-29 01:00:00.000000,126.66,129.77,126.11,129.77,6523798
2016-02-01 01:00:00.000000,128.94,129.64,127.54,128.66,4443272
2016-02-02 01:00:00.000000,127.52,127.83,125.51,125.7,4336725
2016-02-03 01:00:00.000000,126.34,126.629,123.55,126.24,6607536
2016-02-04 01:00:00.000000,126.09,127.7,125.75,127.44,4596293
2016-02-05 01:00:00.000000,127.28,127.39,125.75,126.56,4732618
2016-02-08 01:00:00.000000,125.7,127.84,124.93,126.78,6197716
2016-02-09 01:00:00.000000,125.15,128.08,125.15,127.72,5246330
2016-02-10 01:00:00.000000,128.44,129.18,126.29,126.58,4731058
2016-02-11 01:00:00.000000,124.11,125.84,124.04,125.09,6061326
2016-02-12 01:00:00.000000,126.76,128.21,126.05,128.07,5167586
2016-02-16 01:00:00.000000,129.44,129.6,128.07,128.56,5912540
2016-02-17 01:00:00.000000,129.17,130.44,128.91,130.26,4512056
2016-02-18 01:00:00.000000,130.6,132.35,130.59,130.86,3866287
2016-02-19 01:00:00.000000,130.35,131.6,130.01,131.05,4094159
2016-02-22 01:00:00.000000,132.19,132.87,131.33,131.99,3720362
2016-02-23 01:00:00.000000,131.12,131.91,130.65,130.74,3091452
2016-02-24 01:00:00.000000,129.9,131.5,128.88,131.03,3635832
2016-02-25 01:00:00.000000,131.62,132.37,130.42,132.31,3504235
2016-02-26 01:00:00.000000,132.82,133.29,131.77,131.92,3851367
2016-02-29 01:00:00.000000,133.36,135.11,132.94,134.17,7730109
2016-03-01 01:00:00.000000,135.11,136.94,134.32,136.94,6068595
2016-03-02 01:00:00.000000,136.95,137.15,135.81,136.73,3777782
2016-03-03 01:00:00.000000,136.8,137.24,136.13,136.84,3936542
2016-03-04 01:00:00.000000,136.99,138.06,136.52,137.97,4228610
2016-03-07 01:00:00.000000,137.7,138.79,137.43,138.72,4571944
2016-03-08 01:00:00.000000,138.25,138.695,137.49,137.8,4124469
2016-03-09 01:00:00.000000,138.55,139.15,138.07,139.13,3165588
2016-03-10 01:00:00.000000,139.75,139.75,137.81,138.62,4525023
2016-03-11 01:00:00.000000,139.34,140.76,139.11,140.65,4306924
2016-03-14 01:00:00.000000,140.8,141.22,139.48,139.72,4244194
2016-03-15 01:00:00.000000,139.12,140.41,139.01,140.4,2838197
2016-03-16 01:00:00.000000,139.84,140.44,139.51,139.83,3124224
2016-03-17 01:00:00.000000,140.0,142.58,139.68,142.4,4461016
2016-03-18 01:00:00.000000,142.83,142.96,141.44,142.16,7612050
2016-03-21 01:00:00.000000,142.16,142.61,141.71,142.13,2440956
2016-03-22 01:00:00.000000,141.98,142.99,141.66,142.18,3288132
2016-03-23 01:00:00.000000,142.17,142.17,140.9,140.96,2647138
2016-03-24 01:00:00.000000,140.22,140.6,139.56,140.11,3777927
2016-03-28 01:00:00.000000,140.95,141.62,140.33,141.29,2668119
2016-03-29 01:00:00.000000,141.29,142.04,140.5,141.9,3346198
2016-03-30 01:00:00.000000,142.91,143.4,142.29,142.46,3161254
2016-03-31 01:00:00.000000,142.56,143.05,141.48,141.88,3520156
2016-04-01 01:00:00.000000,141.21,144.05,141.11,143.79,3985651
2016-04-04 01:00:00.000000,143.99,143.99,142.77,143.22,3163902
2016-04-05 01:00:00.000000,142.42,142.48,140.93,141.2,3166539
2016-04-06 01:00:00.000000,141.31,141.82,140.42,141.7,2820506
2016-04-07 01:00:00.000000,140.93,141.2,140.27,140.81,2920457
2016-04-08 01:00:00.000000,141.53,141.99,140.68,141.06,2118394
2016-04-11 01:00:00.000000,141.79,142.0939,140.96,140.99,2381094
2016-04-12 01:00:00.000000,141.25,142.49,140.98,142.4,2649297
2016-04-13 01:00:00.000000,142.95,144.14,142.89,144.04,3562773
2016-04-14 01:00:00.000000,144.1,144.35,143.47,143.72,2487261
2016-04-15 01:00:00.000000,144.14,144.16,142.94,143.45,3124074
2016-04-18 01:00:00.000000,143.0,144.479,142.95,144.38,2765958
2016-04-19 01:00:00.000000,144.78,146.38,144.515,145.95,3657481
2016-04-20 01:00:00.000000,145.98,146.44,145.375,146.09,2288951
2016-04-21 01:00:00.000000,146.09,146.42,144.67,144.86,2879782
2016-04-22 01:00:00.000000,145.32,146.39,144.97,146.11,2692428
2016-04-25 01:00:00.000000,145.65,146.3678,145.5,146.18,2198680
2016-04-26 01:00:00.000000,146.59,147.16,146.3,147.02,2942630
2016-04-27 01:00:00.000000,146.9,148.03,146.5,147.6,2991412
2016-04-28 01:00:00.000000,146.64,147.46,145.76,146.07,2498145
2016-04-29 01:00:00.000000,145.4,146.22,144.52,145.48,3895593
2016-05-02 01:00:00.000000,145.77,147.1399,145.69,146.89,2774557
2016-05-03 01:00:00.000000,145.91,146.09,144.08,144.83,3551450
2016-05-04 01:00:00.000000,144.16,144.4,143.33,144.24,2483166
2016-05-05 01:00:00.000000,144.22,144.82,143.48,143.88,2438253
2016-05-06 01:00:00.000000,143.82,144.84,143.33,144.62,2288700
2016-05-09 01:00:00.000000,144.54,144.54,141.92,142.91,3644610
2016-05-10 01:00:00.000000,143.31,144.9,143.25,144.78,3130976
2016-05-11 01:00:00.000000,144.88,144.9799,142.75,142.87,2939925
2016-05-12 01:00:00.000000,143.46,143.72,142.305,143.31,2431376
2016-05-13 01:00:00.000000,143.21,143.7,141.13,141.4,3232146
2016-05-16 01:00:00.000000,141.4,142.15,141.21,141.85,2873332
2016-05-17 01:00:00.000000,141.97,141.99,139.901,140.34,3963921
2016-05-18 01:00:00.000000,140.18,141.85,139.95,141.47,2917795
2016-05-19 01:00:00.000000,141.07,141.65,139.68,140.79,2803680
2016-05-20 01:00:00.000000,141.48,142.49,141.16,141.83,3170950
2016-05-23 01:00:00.000000,141.85,142.0,141.05,141.48,2048990
2016-05-24 01:00:00.000000,141.95,144.05,141.73,143.71,3268812
2016-05-25 01:00:00.000000,143.72,144.94,143.72,144.08,2936391
2016-05-26 01:00:00.000000,144.0,144.19,142.88,143.05,2741957
2016-05-27 01:00:00.000000,143.49,143.62,142.77,143.35,2289877
2016-05-31 01:00:00.000000,143.89,144.14,140.54,140.54,6564680
2016-06-01 01:00:00.000000,140.97,142.09,140.37,141.99,3278030
2016-06-02 01:00:00.000000,141.65,142.11,140.96,142.11,2757262
2016-06-03 01:00:00.000000,141.16,141.52,140.11,141.14,3153331
2016-06-06 01:00:00.000000,141.62,142.5,141.39,141.82,2686954
2016-06-07 01:00:00.000000,142.16,142.49,141.39,141.41,2729798
2016-06-08 01:00:00.000000,141.57,142.69,141.53,142.53,2390559
2016-06-09 01:00:00.000000,142.05,142.51,141.16,142.23,2187497
2016-06-10 01:00:00.000000,141.31,142.36,141.24,141.76,2579843
2016-06-13 01:00:00.000000,141.23,142.65,140.94,140.94,2994572
2016-06-14 01:00:00.000000,140.79,141.55,140.515,141.3,3475970
2016-06-15 01:00:00.000000,141.74,142.17,140.32,140.45,3219675
2016-06-16 01:00:00.000000,140.09,142.05,138.96,141.99,3639755
2016-06-17 01:00:00.000000,141.98,142.0,140.45,140.73,5394069
2016-06-20 01:00:00.000000,141.96,142.94,141.63,141.67,4038747
2016-06-21 01:00:00.000000,142.06,143.63,141.85,143.53,3677391
2016-06-22 01:00:00.000000,143.63,144.66,143.5701,143.94,3659672
2016-06-23 01:00:00.000000,144.97,146.0,144.595,145.98,4493647
2016-06-24 01:00:00.000000,140.74,142.0,139.47,139.71,12476305
2016-06-27 01:00:00.000000,138.79,139.0,136.65,138.5,6382423
2016-06-28 01:00:00.000000,139.79,140.36,138.29,140.28,5312279
2016-06-29 01:00:00.000000,141.3,142.12,139.91,142.12,4257068
2016-06-30 01:00:00.000000,142.21,144.82,142.101,144.79,5196420
2016-07-01 01:00:00.000000,144.59,144.83,143.75,143.96,2874437
2016-07-05 01:00:00.000000,143.19,143.56,141.76,142.23,3426342
2016-07-06 01:00:00.000000,141.9,142.64,140.95,142.51,2804736
2016-07-07 01:00:00.000000,142.38,143.04,141.19,141.91,2864267
2016-07-08 01:00:00.000000,143.35,143.74,142.721,143.65,3718126
2016-07-11 01:00:00.000000,143.75,144.23,143.43,143.93,3194589
2016-07-12 01:00:00.000000,144.53,145.03,143.98,144.67,3158369
2016-07-13 01:00:00.000000,144.88,145.99,144.41,145.93,3274462
2016-07-14 01:00:00.000000,146.25,146.66,145.46,145.73,3323041
2016-07-15 01:00:00.000000,146.25,146.44,145.12,145.97,3860775
2016-07-18 01:00:00.000000,146.0,146.71,146.0,146.57,3128032
2016-07-19 01:00:00.000000,146.06,146.99,145.85,146.92,3543311
2016-07-20 01:00:00.000000,146.81,146.94,145.695,146.17,2855319
2016-07-21 01:00:00.000000,146.01,146.22,144.194,144.35,3961692
2016-07-22 01:00:00.000000,144.72,144.85,143.8899,144.6,3142024
2016-07-25 01:00:00.000000,144.87,145.0,143.6,144.14,2483906
2016-07-26 01:00:00.000000,144.34,144.85,143.83,144.34,2466354
2016-07-27 01:00:00.000000,144.27,144.75,143.7,144.19,2611744
2016-07-28 01:00:00.000000,143.92,144.69,143.48,144.42,1944634
2016-07-29 01:00:00.000000,144.09,144.6,143.78,144.27,2589300
2016-08-01 01:00:00.000000,144.62,144.77,143.58,143.93,2051314
2016-08-02 01:00:00.000000,143.95,143.99,142.96,143.31,2457043
2016-08-03 01:00:00.000000,143.35,143.88,142.98,143.63,2217122
2016-08-04 01:00:00.000000,143.8,143.91,142.915,143.12,1848633
2016-08-05 01:00:00.000000,144.0,145.65,143.92,145.65,3925956
2016-08-08 01:00:00.000000,145.29,145.65,144.23,145.56,3516292
2016-08-09 01:00:00.000000,145.96,147.449,145.45,147.22,3680458
2016-08-10 01:00:00.000000,147.0,147.27,146.13,146.69,2465151
2016-08-11 01:00:00.000000,146.46,147.98,146.44,147.74,3272221
2016-08-12 01:00:00.000000,147.12,147.75,146.6871,147.72,2586706
2016-08-15 01:00:00.000000,147.72,147.92,147.12,147.78,2196013
2016-08-16 01:00:00.000000,147.62,147.945,147.22,147.24,2121326
2016-08-17 01:00:00.000000,147.42,149.33,147.0,149.08,3044156
2016-08-18 01:00:00.000000,149.19,149.36,148.53,148.81,2185389
2016-08-19 01:00:00.000000,148.4,148.84,147.79,148.75,2641224
2016-08-22 01:00:00.000000,148.51,148.8,147.85,148.45,1765428
2016-08-23 01:00:00.000000,148.58,149.24,148.58,148.77,2019281
2016-08-24 01:00:00.000000,148.5,148.84,148.13,148.41,2269407
2016-08-25 01:00:00.000000,148.24,148.71,148.11,148.64,2449708
2016-08-26 01:00:00.000000,148.65,149.23,147.22,147.91,2872802
2016-08-29 01:00:00.000000,148.23,149.675,148.0,149.3,2726556
2016-08-30 01:00:00.000000,149.25,150.24,149.225,150.23,2832865
2016-08-31 01:00:00.000000,150.0,150.9,148.66,150.49,5338727
2016-09-01 01:00:00.000000,150.7,151.0,148.82,150.35,3020843
2016-09-02 01:00:00.000000,150.69,151.05,149.97,150.72,2258232
2016-09-06 01:00:00.000000,150.54,150.98,149.31,150.43,4460828
2016-09-07 01:00:00.000000,150.0,150.49,149.34,149.58,2437112
2016-09-08 01:00:00.000000,149.6,150.1,149.3,149.78,2963446
2016-09-09 01:00:00.000000,149.1,149.59,146.56,146.62,4342691
2016-09-12 01:00:00.000000,146.37,149.39,145.942,148.97,4323777
2016-09-13 01:00:00.000000,147.95,148.13,145.55,146.23,5505863
2016-09-14 01:00:00.000000,146.02,146.91,145.33,145.78,3097253
2016-09-15 01:00:00.000000,146.0,147.08,145.47,146.66,3300340
2016-09-16 01:00:00.000000,146.11,146.23,144.68,145.01,11133658
2016-09-19 01:00:00.000000,145.34,146.19,144.93,145.24,3031827
2016-09-20 01:00:00.000000,145.98,145.98,144.76,144.92,2366980
2016-09-21 01:00:00.000000,145.65,146.49,144.98,146.46,3768915
2016-09-22 01:00:00.000000,146.75,147.09,146.13,146.53,2770914
2016-09-23 01:00:00.000000,146.3,146.49,145.0,145.0,3697765
2016-09-26 01:00:00.000000,144.52,144.96,144.0,144.18,2863732
2016-09-27 01:00:00.000000,144.28,145.38,144.01,145.34,2934596
2016-09-28 01:00:00.000000,145.28,145.42,144.03,145.28,3246479
2016-09-29 01:00:00.000000,145.18,145.52,143.36,143.59,3313833
2016-09-30 01:00:00.000000,144.27,145.38,144.27,144.47,4416543
2016-10-03 01:00:00.000000,144.27,144.31,143.21,143.76,3493795
2016-10-04 01:00:00.000000,143.74,144.2,142.8,143.17,3058918
2016-10-05 01:00:00.000000,143.65,144.295,143.21,144.15,2998844
2016-10-06 01:00:00.000000,144.03,144.1,143.3,143.87,2280020
2016-10-07 01:00:00.000000,143.93,144.94,143.78,144.52,3093774
2016-10-10 01:00:00.000000,145.05,145.68,144.98,145.2,1884076
2016-10-11 01:00:00.000000,145.13,145.14,143.53,143.95,2723046
2016-10-12 01:00:00.000000,143.86,145.29,143.86,144.91,2558082
2016-10-13 01:00:00.000000,143.79,144.05,141.92,143.22,4657604
2016-10-14 01:00:00.000000,143.91,144.89,143.58,144.18,2932812
2016-10-17 01:00:00.000000,144.5,144.76,143.37,143.8,2552831
2016-10-18 01:00:00.000000,144.65,145.09,144.13,144.3,2378509
2016-10-19 01:00:00.000000,144.87,145.71,144.48,144.86,2309724
2016-10-20 01:00:00.000000,144.62,145.43,144.19,144.49,2504989
2016-10-21 01:00:00.000000,143.54,143.95,142.8,143.6,3075401
2016-10-24 01:00:00.000000,144.09,144.89,143.68,143.83,2223780
2016-10-25 01:00:00.000000,143.7,144.16,143.21,143.42,2350118
2016-10-26 01:00:00.000000,143.38,144.46,143.12,143.94,2769667
2016-10-27 01:00:00.000000,144.19,144.78,143.87,144.45,2914800
2016-10-28 01:00:00.000000,144.84,145.29,142.9,144.0,2789915
2016-10-31 01:00:00.000000,144.3,144.69,144.0,144.3,3229545
2016-11-01 01:00:00.000000,144.68,144.86,143.11,143.63,3339391
2016-11-02 01:00:00.000000,143.18,143.86,142.911,143.19,3178519
2016-11-03 01:00:00.000000,143.25,144.45,143.2,143.64,2691835
2016-11-04 01:00:00.000000,143.45,143.8,142.3476,142.95,3493290
2016-11-07 01:00:00.000000,144.71,147.17,144.3,146.91,5236007
2016-11-08 01:00:00.000000,146.89,148.14,146.4,147.79,3636039
2016-11-09 01:00:00.000000,146.1,151.64,145.1,151.28,8687802
2016-11-10 01:00:00.000000,152.0,156.613,151.68,156.06,8142789
2016-11-11 01:00:00.000000,155.3,157.28,155.15,156.92,4514407
2016-11-14 01:00:00.000000,157.48,158.16,156.53,157.93,5520443
2016-11-15 01:00:00.000000,157.61,157.82,156.09,157.46,4780061
2016-11-16 01:00:00.000000,157.02,157.59,156.02,157.08,4468911
2016-11-17 01:00:00.000000,156.81,158.64,156.3,158.39,4169131
2016-11-18 01:00:00.000000,158.35,158.48,157.17,157.75,3383264
2016-11-21 01:00:00.000000,158.1,158.71,157.42,158.71,2847352
2016-11-22 01:00:00.000000,159.01,159.09,157.83,158.66,3143256
2016-11-23 01:00:00.000000,158.66,159.0,157.28,158.11,3056491
2016-11-25 01:00:00.000000,158.63,158.63,157.6,158.18,1777189
2016-11-28 01:00:00.000000,157.9,158.49,156.89,156.97,4204282
2016-11-29 01:00:00.000000,157.509,157.98,156.82,157.68,2973271
2016-11-30 01:00:00.000000,158.42,158.89,157.42,157.44,5145568
2016-12-01 01:00:00.000000,157.58,160.24,157.51,160.12,4578619
2016-12-02 01:00:00.000000,160.05,160.12,158.7,159.39,3854366
2016-12-05 01:00:00.000000,160.25,160.68,159.27,160.21,4870428
2016-12-06 01:00:00.000000,160.57,161.55,159.9286,161.34,3543553
2016-12-07 01:00:00.000000,161.94,164.69,161.4,164.69,6043172
2016-12-08 01:00:00.000000,164.98,165.9527,163.5204,164.11,4902518
2016-12-09 01:00:00.000000,164.28,165.16,163.07,164.86,3887883
2016-12-12 01:00:00.000000,164.65,166.64,164.35,166.12,6759723
2016-12-13 01:00:00.000000,166.49,166.99,165.4,166.62,4359110
2016-12-14 01:00:00.000000,166.59,167.25,164.54,165.06,4537373
2016-12-15 01:00:00.000000,165.5,167.02,164.8,165.73,3985542
2016-12-16 01:00:00.000000,166.14,166.15,164.33,164.76,7046167
2016-12-19 01:00:00.000000,165.19,165.65,164.48,165.35,2972529
2016-12-20 01:00:00.000000,166.15,166.42,165.4,166.36,3103082
2016-12-21 01:00:00.000000,166.4,166.67,165.55,165.95,2480663
2016-12-22 01:00:00.000000,165.77,166.1161,164.89,166.03,2511595
2016-12-23 01:00:00.000000,166.26,166.44,164.77,165.32,2043071
2016-12-27 01:00:00.000000,165.51,165.82,164.78,164.95,2133794
2016-12-28 01:00:00.000000,165.45,165.64,163.56,163.75,2626808
2016-12-29 01:00:00.000000,163.93,164.47,163.01,163.05,2545291
2016-12-30 01:00:00.000000,163.16,164.03,162.62,162.98,4041440
2017-01-03 01:00:00.000000,164.34,164.71,162.44,163.83,4090967
2017-01-04 01:00:00.000000,164.45,164.57,163.0,164.08,3568919
2017-01-05 01:00:00.000000,164.06,164.14,162.18,163.3,2982464
2017-01-06 01:00:00.000000,163.44,163.8,162.64,163.41,2697027
2017-01-09 01:00:00.000000,163.04,163.25,162.02,162.02,3564674
2017-01-10 01:00:00.000000,162.0,162.74,161.41,161.47,2671259
2017-01-11 01:00:00.000000,161.54,162.45,161.03,162.23,3305859
2017-01-12 01:00:00.000000,162.0,162.145,160.33,161.41,3229377
2017-01-13 01:00:00.000000,161.81,163.13,161.51,161.9,3081644
2017-01-17 01:00:00.000000,161.96,162.0,159.3,159.64,4712846
2017-01-18 01:00:00.000000,160.04,160.86,159.43,160.49,3074731
2017-01-19 01:00:00.000000,160.82,161.12,159.11,159.41,3172804
2017-01-20 01:00:00.000000,160.21,160.78,159.58,160.21,4176128
2017-01-23 01:00:00.000000,160.19,160.28,158.61,158.81,3434296
2017-01-24 01:00:00.000000,159.26,161.09,158.77,160.72,4012503
2017-01-25 01:00:00.000000,162.0,164.63,161.39,164.25,4499965
2017-01-26 01:00:00.000000,164.88,165.03,164.08,164.92,3132402
2017-01-27 01:00:00.000000,164.93,165.2999,163.46,164.4,2520335
2017-01-30 01:00:00.000000,164.2,164.91,163.22,164.8,3194354
2017-01-31 01:00:00.000000,164.64,165.06,163.08,164.14,3099569
2017-02-01 01:00:00.000000,164.75,165.2,163.3,163.61,2906881
2017-02-02 01:00:00.000000,163.31,163.31,162.27,163.0,3041976
2017-02-03 01:00:00.000000,164.0,164.19,162.52,163.94,3351523
2017-02-06 01:00:00.000000,163.88,163.93,163.04,163.42,2798291
2017-02-07 01:00:00.000000,163.6215,163.85,162.58,162.93,2446760
2017-02-08 01:00:00.000000,162.9,163.13,162.15,162.87,2247143
2017-02-09 01:00:00.000000,163.43,164.4229,162.82,164.04,2878311
2017-02-10 01:00:00.000000,164.59,164.68,163.6,164.01,3066201
2017-02-13 01:00:00.000000,164.71,166.24,164.44,165.85,2958849
2017-02-14 01:00:00.000000,165.85,167.0,165.17,166.95,3057943
2017-02-15 01:00:00.000000,167.21,167.34,166.12,167.28,4349610
2017-02-16 01:00:00.000000,167.28,167.8,166.1,167.74,3152206
2017-02-17 01:00:00.000000,167.56,168.7,166.71,168.57,3716900
2017-02-21 01:00:00.000000,168.92,169.65,168.47,168.92,4416873
2017-02-22 01:00:00.000000,168.92,169.7,168.3274,169.61,3299350
2017-02-23 01:00:00.000000,169.96,170.16,169.1085,170.15,3377140
2017-02-24 01:00:00.000000,169.5,170.275,169.22,170.22,4023408
2017-02-27 01:00:00.000000,170.9,171.2,170.32,170.63,3738606
2017-02-28 01:00:00.000000,170.9,172.2,170.51,171.42,6464455
2017-03-01 01:00:00.000000,173.7,177.41,173.7,177.28,7137648
2017-03-02 01:00:00.000000,177.86,177.86,175.48,175.89,4154760
2017-03-03 01:00:00.000000,175.97,176.46,175.04,175.68,3572889
2017-03-06 01:00:00.000000,175.44,175.88,174.51,175.4,3379090
2017-03-07 01:00:00.000000,175.58,175.76,174.9,175.3,2645385
2017-03-08 01:00:00.000000,175.89,176.0,174.8,174.97,3334427
2017-03-09 01:00:00.000000,175.7,175.85,174.8152,175.37,2955841
2017-03-10 01:00:00.000000,176.0,176.14,174.45,174.98,3789669
2017-03-13 01:00:00.000000,175.29,175.6,174.69,175.39,3333468
2017-03-14 01:00:00.000000,175.22,175.43,174.23,174.73,2972477
2017-03-15 01:00:00.000000,174.98,175.08,173.77,174.67,3928488
2017-03-16 01:00:00.000000,175.15,175.43,173.7,174.08,3119576
2017-03-17 01:00:00.000000,173.89,173.89,172.32,172.82,6710690
2017-03-20 01:00:00.000000,172.3,172.868,171.6,172.07,3340655
2017-03-21 01:00:00.000000,172.16,172.44,169.03,169.47,4973857
2017-03-22 01:00:00.000000,169.27,170.04,168.02,169.3,3257041
2017-03-23 01:00:00.000000,169.66,171.36,169.21,169.89,3142944
2017-03-24 01:00:00.000000,170.45,170.45,168.02,168.66,4131882
2017-03-27 01:00:00.000000,166.89,167.5103,165.8,167.44,4884740
2017-03-28 01:00:00.000000,167.28,168.612,166.36,168.31,4598039
2017-03-29 01:00:00.000000,168.0,168.3,166.44,166.59,4776445
2017-03-30 01:00:00.000000,166.3,167.69,166.0,167.36,3393679
2017-03-31 01:00:00.000000,167.41,167.6,166.34,166.68,3564732
2017-04-03 01:00:00.000000,166.72,167.0,165.32,166.87,3986871
2017-04-04 01:00:00.000000,166.61,167.0,166.14,166.86,2853044
2017-04-05 01:00:00.000000,167.45,168.23,165.67,165.83,5231101
2017-04-06 01:00:00.000000,165.64,166.995,165.02,166.47,3892319
2017-04-07 01:00:00.000000,165.62,166.89,165.48,166.17,2594128
2017-04-10 01:00:00.000000,166.2,167.0,165.975,166.35,3015946
2017-04-11 01:00:00.000000,165.8,166.22,164.85,165.7,3488171
2017-04-12 01:00:00.000000,165.07,165.48,164.66,165.11,3419655
2017-04-13 01:00:00.000000,164.98,165.28,162.87,162.9,3655089
2017-04-17 01:00:00.000000,163.61,164.63,162.67,164.35,3414133
2017-04-18 01:00:00.000000,163.87,164.23,163.09,163.69,2985842
2017-04-19 01:00:00.000000,164.1,164.49,162.28,162.76,3932873
2017-04-20 01:00:00.000000,163.29,165.235,163.04,164.98,3729159
2017-04-21 01:00:00.000000,164.4,164.95,163.34,163.41,5122410
2017-04-24 01:00:00.000000,165.7,165.99,164.4,165.78,4135474
2017-04-25 01:00:00.000000,166.92,167.96,166.6,167.53,4268529
2017-04-26 01:00:00.000000,167.5,168.95,167.25,167.63,4084301
2017-04-27 01:00:00.000000,167.65,167.81,165.5,166.55,4290201
2017-04-28 01:00:00.000000,166.28,166.55,164.68,165.21,3045003
2017-05-01 01:00:00.000000,165.8,166.32,165.35,165.44,3135353
2017-05-02 01:00:00.000000,165.9,166.3299,165.16,166.05,2781230
2017-05-03 01:00:00.000000,165.7,167.08,165.5,166.73,2982169
2017-05-04 01:00:00.000000,167.64,168.04,166.22,166.34,3643542
2017-05-05 01:00:00.000000,167.12,167.14,165.879,166.55,3578534
2017-05-08 01:00:00.000000,166.5,166.6,164.1,165.02,5163917
2017-05-09 01:00:00.000000,165.17,165.24,163.0,163.46,3840717
2017-05-10 01:00:00.000000,163.36,163.88,163.03,163.72,3237362
2017-05-11 01:00:00.000000,163.58,163.77,162.39,163.27,3285904
2017-05-12 01:00:00.000000,163.06,163.49,162.47,163.32,3592274
2017-05-15 01:00:00.000000,163.81,164.08,163.26,163.8,2959049
2017-05-16 01:00:00.000000,164.1,164.29,163.25,163.61,2434915
2017-05-17 01:00:00.000000,162.44,162.86,161.18,161.26,4797434
2017-05-18 01:00:00.000000,161.5,162.62,160.93,161.62,3645610
2017-05-19 01:00:00.000000,161.86,164.08,161.58,163.24,4164932
2017-05-22 01:00:00.000000,164.8,165.48,163.94,165.13,4350808
2017-05-23 01:00:00.000000,165.4,165.77,164.8736,165.48,3352163
2017-05-24 01:00:00.000000,165.9,165.9,164.55,164.93,2628386
2017-05-25 01:00:00.000000,165.23,165.5,164.71,165.3,2605333
2017-05-26 01:00:00.000000,165.25,165.88,165.0177,165.69,2156256
2017-05-30 01:00:00.000000,165.79,165.87,164.47,165.11,3048318
2017-05-31 01:00:00.000000,165.27,165.45,164.1,165.28,5674932
2017-06-01 01:00:00.000000,165.8,166.69,164.75,166.66,3330897
2017-06-02 01:00:00.000000,166.13,166.92,165.85,166.29,3919875
2017-06-05 01:00:00.000000,166.43,167.1337,166.33,166.52,2303426
2017-06-06 01:00:00.000000,166.12,166.72,165.88,166.13,2752253
2017-06-07 01:00:00.000000,166.14,166.75,165.87,166.5,2987775
2017-06-08 01:00:00.000000,166.35,167.94,166.23,166.94,4387420
2017-06-09 01:00:00.000000,167.67,170.14,167.42,170.0,3781306
2017-06-12 01:00:00.000000,169.43,170.65,169.26,170.5,4662747
2017-06-13 01:00:00.000000,171.5,171.82,170.9001,171.47,3145426
2017-06-14 01:00:00.000000,170.92,171.5,169.55,171.45,3344536
2017-06-15 01:00:00.000000,170.6,170.9216,169.57,170.55,3275236
2017-06-16 01:00:00.000000,170.6,171.04,169.7501,170.48,6505945
2017-06-19 01:00:00.000000,171.39,171.95,170.78,171.55,2869040
2017-06-20 01:00:00.000000,171.68,171.68,170.45,170.55,2470055
2017-06-21 01:00:00.000000,170.61,170.78,169.34,169.62,2365080
2017-06-22 01:00:00.000000,169.33,169.67,168.31,168.32,2673903
2017-06-23 01:00:00.000000,169.27,169.27,166.64,167.22,4046778
2017-06-26 01:00:00.000000,167.8,168.28,166.9676,167.49,2542983
2017-06-27 01:00:00.000000,167.72,168.06,166.78,167.35,2995631
2017-06-28 01:00:00.000000,167.93,170.15,167.9,169.89,3210877
2017-06-29 01:00:00.000000,170.68,171.37,168.6,169.3,3545467
2017-06-30 01:00:00.000000,170.01,170.15,169.27,169.37,3627845
2017-07-03 01:00:00.000000,170.4,172.7,169.95,171.8,2493428
2017-07-05 01:00:00.000000,172.06,172.505,171.28,171.85,2558551
2017-07-06 01:00:00.000000,171.56,171.97,170.09,170.2,3182046
2017-07-07 01:00:00.000000,170.84,171.32,169.9,171.14,2967228
2017-07-10 01:00:00.000000,170.61,171.31,169.9,170.25,2504544
2017-07-11 01:00:00.000000,169.94,170.2,168.0,169.24,3525601
2017-07-12 01:00:00.000000,169.79,170.09,169.06,169.92,3018227
2017-07-13 01:00:00.000000,170.06,170.07,169.25,169.69,3170520
2017-07-14 01:00:00.000000,168.9,169.92,168.52,169.47,2941549
2017-07-17 01:00:00.000000,169.44,170.73,168.95,170.16,3044423
2017-07-18 01:00:00.000000,170.04,170.69,169.56,170.31,2599866
2017-07-19 01:00:00.000000,170.665,171.33,170.35,171.2,1923235
2017-07-20 01:00:00.000000,171.33,171.87,171.07,171.33,2137923
2017-07-21 01:00:00.000000,171.57,171.69,170.66,171.34,2419774
2017-07-24 01:00:00.000000,171.5,171.8799,171.07,171.37,2649623
2017-07-25 01:00:00.000000,172.15,173.37,172.15,172.94,2921124
2017-07-26 01:00:00.000000,173.0,173.79,172.5,173.02,2849544
2017-07-27 01:00:00.000000,173.17,173.18,172.22,173.05,3523365
2017-07-28 01:00:00.000000,173.06,174.34,172.13,174.0,2401766
2017-07-31 01:00:00.000000,174.7,175.6,174.2,174.97,3477036
2017-08-01 01:00:00.000000,175.93,176.38,174.81,176.29,2665971
2017-08-02 01:00:00.000000,176.29,177.92,175.91,177.85,3174497
2017-08-03 01:00:00.000000,177.5,179.0,177.44,178.99,2856181
2017-08-04 01:00:00.000000,179.8,179.99,178.69,179.92,2636647
2017-08-07 01:00:00.000000,177.04,178.41,177.04,178.04,3279231
2017-08-08 01:00:00.000000,177.71,178.29,176.2,176.43,2925032
2017-08-09 01:00:00.000000,175.5,178.16,175.05,178.06,2804084
2017-08-10 01:00:00.000000,177.13,177.6,176.26,176.36,3084301
2017-08-11 01:00:00.000000,176.32,177.17,175.27,175.34,2580408
2017-08-14 01:00:00.000000,176.75,177.73,176.45,177.29,2710069
2017-08-15 01:00:00.000000,177.74,178.1499,177.24,177.47,2669980
2017-08-16 01:00:00.000000,178.2,178.97,177.6,178.54,2299204
2017-08-17 01:00:00.000000,178.25,178.7,177.16,177.16,4189507
2017-08-18 01:00:00.000000,176.57,178.82,176.27,177.56,3586077
2017-08-21 01:00:00.000000,177.62,178.5,177.07,178.34,2878449
2017-08-22 01:00:00.000000,178.5,180.61,178.46,180.45,2928641
2017-08-23 01:00:00.000000,179.25,180.52,179.0,179.98,2444623
2017-08-24 01:00:00.000000,179.98,180.0,178.13,178.43,3250135
2017-08-25 01:00:00.000000,179.0,180.16,178.8561,179.6,2284637
2017-08-28 01:00:00.000000,179.77,179.9,178.02,178.7,2986454
2017-08-29 01:00:00.000000,177.72,178.7,177.2,178.62,2499300
2017-08-30 01:00:00.000000,178.71,181.03,178.51,180.35,3304304
2017-08-31 01:00:00.000000,180.35,181.87,180.25,181.16,4376292
2017-09-01 01:00:00.000000,181.6,181.97,180.57,180.73,2536811
2017-09-05 01:00:00.000000,180.29,180.29,176.29,176.98,4890720
2017-09-06 01:00:00.000000,177.35,177.87,176.73,176.79,4270318
2017-09-07 01:00:00.000000,177.05,177.48,172.61,173.99,4620639
2017-09-08 01:00:00.000000,173.9,175.815,173.57,175.5,3736383
2017-09-11 01:00:00.000000,177.75,179.24,177.33,177.87,4107611
2017-09-12 01:00:00.000000,178.0,178.72,177.8,178.63,2348503
2017-09-13 01:00:00.000000,177.76,179.15,177.61,178.92,2679361
2017-09-14 01:00:00.000000,178.8,179.16,178.38,178.57,3304129
2017-09-15 01:00:00.000000,179.24,180.36,178.81,179.89,9234842
2017-09-18 01:00:00.000000,180.5,181.74,180.27,181.47,3698635
2017-09-19 01:00:00.000000,181.5,183.01,181.5,183.01,3159030
2017-09-20 01:00:00.000000,183.3,183.93,182.46,183.82,3742122
2017-09-21 01:00:00.000000,183.32,183.93,183.03,183.16,2368980
2017-09-22 01:00:00.000000,182.63,182.84,181.3034,181.86,2688065
2017-09-25 01:00:00.000000,181.99,182.64,180.8,182.52,2424610
2017-09-26 01:00:00.000000,182.55,182.87,181.74,181.86,2381967
2017-09-27 01:00:00.000000,182.87,184.0,182.51,183.27,2593883
2017-09-28 01:00:00.000000,183.4,183.95,182.44,183.21,1930837
2017-09-29 01:00:00.000000,183.59,183.68,182.42,183.32,2761562
2017-10-02 01:00:00.000000,183.45,185.47,182.9301,185.41,2577545
2017-10-03 01:00:00.000000,185.6,186.51,184.6,185.67,3173887
2017-10-04 01:00:00.000000,186.2,186.67,185.51,185.83,2071581
2017-10-05 01:00:00.000000,186.17,188.04,185.8,187.12,2786086
2017-10-06 01:00:00.000000,187.2,187.62,186.05,187.43,2995155
2017-10-09 01:00:00.000000,187.5,187.95,186.639,187.5,2036652
2017-10-10 01:00:00.000000,187.46,188.2,187.16,188.0,2212831
2017-10-11 01:00:00.000000,187.4,187.95,186.48,187.46,2750551
2017-10-12 01:00:00.000000,187.7,187.99,185.97,186.3,2640716
2017-10-13 01:00:00.000000,186.77,188.0,186.33,187.37,2830248
2017-10-16 01:00:00.000000,188.0,188.62,187.57,187.96,2316734
2017-10-17 01:00:00.000000,187.96,188.0,186.5,187.39,2273060
2017-10-18 01:00:00.000000,187.75,188.13,186.8,187.85,2192928
2017-10-19 01:00:00.000000,187.16,187.5,186.43,187.21,2831912
2017-10-20 01:00:00.000000,187.75,189.04,187.58,189.04,2934866
2017-10-23 01:00:00.000000,189.18,189.72,188.64,189.39,2418165
2017-10-24 01:00:00.000000,189.92,190.68,189.53,189.78,2888644
2017-10-25 01:00:00.000000,189.83,190.0,187.66,188.71,3394242
2017-10-26 01:00:00.000000,189.65,189.92,187.831,188.61,2740876
2017-10-27 01:00:00.000000,188.32,188.63,187.05,188.59,2978782
2017-10-30 01:00:00.000000,188.02,188.52,187.3474,187.85,2473723
2017-10-31 01:00:00.000000,188.06,188.11,186.41,186.94,3290354
2017-11-01 01:00:00.000000,188.1,188.13,186.73,187.17,2727823
2017-11-02 01:00:00.000000,186.75,188.78,185.89,188.61,3340869
2017-11-03 01:00:00.000000,188.13,188.55,187.02,187.27,2159941
2017-11-06 01:00:00.000000,186.1,187.57,185.3,186.68,2603060
2017-11-07 01:00:00.000000,187.23,188.19,185.61,186.3,2500555
2017-11-08 01:00:00.000000,186.31,186.89,184.35,184.6,4118808
2017-11-09 01:00:00.000000,183.34,184.679,181.76,184.49,3633049
2017-11-10 01:00:00.000000,183.84,184.07,182.51,183.68,3043339
2017-11-13 01:00:00.000000,183.16,184.85,183.16,184.4,1889919
2017-11-14 01:00:00.000000,183.66,184.0,182.5001,183.34,3087975
2017-11-15 01:00:00.000000,182.13,182.9,181.41,181.81,4004451
2017-11-16 01:00:00.000000,182.21,183.05,181.65,182.05,3944011
2017-11-17 01:00:00.000000,181.7,181.94,180.5,181.06,2715940
2017-11-20 01:00:00.000000,181.43,181.98,180.44,181.63,2428837
2017-11-21 01:00:00.000000,181.78,183.5,181.51,183.18,3046964
2017-11-22 01:00:00.000000,183.78,183.78,181.94,182.56,3017043
2017-11-24 01:00:00.000000,182.66,182.98,182.2456,182.36,1038600
2017-11-27 01:00:00.000000,182.74,183.87,182.41,183.49,2985187
2017-11-28 01:00:00.000000,184.1,187.84,184.02,187.54,3721044
2017-11-29 01:00:00.000000,188.2,192.0,187.57,189.85,4898043
2017-11-30 01:00:00.000000,190.35,193.81,189.95,193.01,6420402
2017-12-01 01:00:00.000000,193.59,194.99,189.72,194.56,5177289
2017-12-04 01:00:00.000000,196.18,199.48,196.18,196.96,4899504
2017-12-05 01:00:00.000000,197.77,197.99,195.5,196.07,3411657
2017-12-06 01:00:00.000000,195.79,196.8299,194.8,196.01,3315684
2017-12-07 01:00:00.000000,195.91,196.75,194.98,196.34,2650907
2017-12-08 01:00:00.000000,196.82,197.28,195.02,196.44,3953424
2017-12-11 01:00:00.000000,196.63,197.18,195.3,196.7,3605038
2017-12-12 01:00:00.000000,197.0,199.92,197.0,199.07,4343014
2017-12-13 01:00:00.000000,198.56,199.63,197.35,197.4,4151856
2017-12-14 01:00:00.000000,198.12,198.19,195.9355,196.66,3594449
2017-12-15 01:00:00.000000,198.24,199.2,197.23,197.78,9169379
2017-12-18 01:00:00.000000,199.5,200.26,198.94,199.34,4600104
2017-12-19 01:00:00.000000,200.16,200.5,197.68,197.91,3645240
2017-12-20 01:00:00.000000,199.39,199.75,197.68,197.79,3914274
2017-12-21 01:00:00.000000,198.85,199.56,198.21,198.89,3262442
2017-12-22 01:00:00.000000,199.24,199.68,196.88,197.92,3786759
2017-12-26 01:00:00.000000,197.97,198.57,197.28,197.57,1769585
2017-12-27 01:00:00.000000,197.5,198.82,197.28,198.69,3343161
2017-12-28 01:00:00.000000,199.34,199.96,198.82,199.56,2340013
2017-12-29 01:00:00.000000,200.0,200.07,198.22,198.22,3565996
2018-01-02 01:00:00.000000,198.87,198.87,195.96,197.22,4112983
2018-01-03 01:00:00.000000,197.0,200.0,197.0,199.79,3526694
2018-01-04 01:00:00.000000,200.9,202.1299,200.01,200.69,3899998
2018-01-05 01:00:00.000000,201.0,201.67,199.31,201.42,4207636
2018-01-08 01:00:00.000000,201.15,203.07,199.8,202.74,3887912
2018-01-09 01:00:00.000000,203.34,204.4,202.58,203.02,3834919
2018-01-10 01:00:00.000000,203.0,205.724,202.5,205.61,3793089
2018-01-11 01:00:00.000000,205.96,207.28,205.7156,206.69,3641516
2018-01-12 01:00:00.000000,207.27,210.39,206.8,210.16,4184374
2018-01-16 01:00:00.000000,213.12,214.03,209.36,210.29,6220020
2018-01-17 01:00:00.000000,211.92,214.5,211.14,214.16,4600654
2018-01-18 01:00:00.000000,215.67,215.78,213.055,213.19,5141495
2018-01-19 01:00:00.000000,213.45,214.3,212.11,213.25,5140181
2018-01-22 01:00:00.000000,213.29,216.08,213.25,215.97,3267192
2018-01-23 01:00:00.000000,216.04,216.35,212.77,215.56,3659082
2018-01-24 01:00:00.000000,216.12,216.89,214.59,215.61,4294243
2018-01-25 01:00:00.000000,216.24,216.5,214.28,215.1,3088344
2018-01-26 01:00:00.000000,215.52,217.34,215.15,217.19,3640838
2018-01-29 01:00:00.000000,217.15,217.62,215.19,215.46,3021260
2018-01-30 01:00:00.000000,214.97,216.62,214.1,214.41,5040126
2018-01-31 01:00:00.000000,214.99,215.05,213.37,214.38,4626303
2018-02-01 01:00:00.000000,214.49,217.5,214.03,217.25,4508901
2018-02-02 01:00:00.000000,216.16,216.58,207.87,209.12,6080558
2018-02-05 01:00:00.000000,205.49,207.1,196.0,196.8,10746479
2018-02-06 01:00:00.000000,193.15,201.92,190.18,201.24,10662988
2018-02-07 01:00:00.000000,202.0,204.48,200.0,200.37,5758041
2018-02-08 01:00:00.000000,200.37,200.99,191.04,191.42,8044402
2018-02-09 01:00:00.000000,195.68,197.57,189.3,196.02,8931743
2018-02-12 01:00:00.000000,198.51,200.66,196.14,198.89,5128865
2018-02-13 01:00:00.000000,197.58,198.84,195.92,197.99,3967686
2018-02-14 01:00:00.000000,197.04,200.76,195.99,200.54,4348102
2018-02-15 01:00:00.000000,202.38,203.9,200.31,203.9,4357944
2018-02-16 01:00:00.000000,203.99,206.32,203.16,203.79,4382492
2018-02-20 01:00:00.000000,203.34,204.7,202.35,203.05,4116688
2018-02-21 01:00:00.000000,202.5,205.221,200.77,201.02,4994392
2018-02-22 01:00:00.000000,201.57,203.28,200.16,200.73,4034009
2018-02-23 01:00:00.000000,201.39,202.97,200.805,202.76,4128443
2018-02-26 01:00:00.000000,207.71,211.14,205.36,210.62,8254143
2018-02-27 01:00:00.000000,212.0,213.13,209.65,209.66,5903429
2018-02-28 01:00:00.000000,211.0,211.535,200.47,207.2,5378272
2018-03-01 01:00:00.000000,206.82,208.5699,200.28,201.53,6983958
2018-03-02 01:00:00.000000,199.98,201.974,198.98,201.34,5025518
2018-03-05 01:00:00.000000,199.6,204.1256,199.12,203.24,4041139
2018-03-06 01:00:00.000000,204.86,204.86,202.37,204.55,3203318
2018-03-07 01:00:00.000000,202.35,204.83,201.75,204.3,3622810
2018-03-08 01:00:00.000000,204.32,205.49,203.03,205.29,3084500
2018-03-09 01:00:00.000000,206.95,213.24,206.25,212.94,5494342
2018-03-12 01:00:00.000000,213.2,213.36,211.24,211.82,4967030
2018-03-13 01:00:00.000000,212.69,213.04,208.8,209.13,4698184
2018-03-14 01:00:00.000000,210.4,210.4,206.23,206.99,4015352
2018-03-15 01:00:00.000000,208.29,209.32,207.61,207.82,4127182
2018-03-16 01:00:00.000000,208.56,208.97,206.46,206.96,5961775
2018-03-19 01:00:00.000000,206.87,207.06,202.64,203.99,4261311
2018-03-20 01:00:00.000000,204.25,205.6,203.8,204.75,2939285
2018-03-21 01:00:00.000000,205.38,207.27,204.0,204.83,3235573
2018-03-22 01:00:00.000000,203.18,203.19,196.99,197.63,7113394
2018-03-23 01:00:00.000000,198.0,198.29,191.87,192.46,7257000
2018-03-26 01:00:00.000000,196.9,199.57,195.0801,199.34,5223691
2018-03-27 01:00:00.000000,200.48,201.44,194.44,196.15,5149201
2018-03-28 01:00:00.000000,196.17,198.72,193.78,196.67,4388810
2018-03-29 01:00:00.000000,198.08,201.01,197.33,199.48,5714612
2018-04-02 01:00:00.000000,199.01,199.61,192.02,195.0,6178173
2018-04-03 01:00:00.000000,196.0,198.24,193.91,197.96,4192925
2018-04-04 01:00:00.000000,194.02,200.53,194.0,200.11,4100728
2018-04-05 01:00:00.000000,201.17,202.77,200.27,200.85,4661347
2018-04-06 01:00:00.000000,199.7,199.85,193.74,195.49,5580571
2018-04-09 01:00:00.000000,196.73,198.63,194.95,195.33,3873115
2018-04-10 01:00:00.000000,198.16,199.7,197.05,197.8,3262709
2018-04-11 01:00:00.000000,196.6,197.04,194.92,195.22,3522134
2018-04-12 01:00:00.000000,196.5,199.6,196.29,198.13,3707877
2018-04-13 01:00:00.000000,199.6,199.85,196.0,197.0,3150934
2018-04-16 01:00:00.000000,198.65,199.95,197.55,198.22,3818956
2018-04-17 01:00:00.000000,199.85,200.66,198.9,199.27,4658321
2018-04-18 01:00:00.000000,200.24,200.94,199.4,199.51,2872896
2018-04-19 01:00:00.000000,199.99,201.48,199.1999,200.38,2726539
2018-04-20 01:00:00.000000,200.94,201.0,198.92,200.13,3705828
2018-04-23 01:00:00.000000,200.22,200.84,198.52,199.42,2672644
2018-04-24 01:00:00.000000,199.87,200.66,195.23,196.8,3718236
2018-04-25 01:00:00.000000,196.18,197.36,194.41,196.8,3204419
2018-04-26 01:00:00.000000,196.63,197.96,196.24,197.03,2388500
2018-04-27 01:00:00.000000,196.93,197.55,195.83,197.23,2558931
2018-04-30 01:00:00.000000,197.39,198.1,193.62,193.73,4247470
2018-05-01 01:00:00.000000,193.76,195.3,192.75,195.11,3235029
2018-05-02 01:00:00.000000,195.07,195.07,192.98,193.31,3885522
2018-05-03 01:00:00.000000,192.81,192.99,189.8,191.61,5059371
2018-05-04 01:00:00.000000,192.04,196.24,190.19,195.64,4919141
2018-05-07 01:00:00.000000,196.0,197.82,195.76,197.06,3692135
2018-05-08 01:00:00.000000,197.4,197.4,194.7,196.24,4189565
2018-05-09 01:00:00.000000,197.0,200.05,196.28,199.87,3290630
2018-05-10 01:00:00.000000,200.43,201.29,198.92,201.2,2957327
2018-05-11 01:00:00.000000,200.62,202.41,198.9,199.3,3917729
2018-05-14 01:00:00.000000,200.0,200.65,198.66,199.18,3264616
2018-05-15 01:00:00.000000,198.79,198.93,196.18,197.36,3380004
2018-05-16 01:00:00.000000,196.86,198.38,196.4,197.83,2927443
2018-05-17 01:00:00.000000,197.74,197.85,196.62,197.49,2604169
2018-05-18 01:00:00.000000,197.52,197.64,195.77,196.06,3137104
2018-05-21 01:00:00.000000,197.77,198.63,197.01,197.91,3005541
2018-05-22 01:00:00.000000,198.02,198.89,197.18,198.13,3161987
2018-05-23 01:00:00.000000,197.4,197.71,194.95,195.95,4036274
2018-05-24 01:00:00.000000,196.06,196.26,193.9237,194.83,3206249
2018-05-25 01:00:00.000000,193.89,194.75,193.21,194.15,3030970
2018-05-29 01:00:00.000000,192.9,193.11,188.62,189.87,8912129
2018-05-30 01:00:00.000000,191.9,194.9,191.33,194.1,4307609
2018-05-31 01:00:00.000000,194.29,194.29,191.42,191.53,5787487
2018-06-01 01:00:00.000000,192.9,193.38,191.59,192.23,3817848
2018-06-04 01:00:00.000000,193.0,193.41,191.25,191.3,4444482
2018-06-05 01:00:00.000000,191.37,191.3972,190.14,190.77,4324975
2018-06-06 01:00:00.000000,191.69,194.0,191.565,193.99,4017540
2018-06-07 01:00:00.000000,194.66,195.68,193.7461,195.57,4340317
2018-06-08 01:00:00.000000,195.34,196.4,194.27,196.01,3757799
2018-06-11 01:00:00.000000,196.3,196.74,195.19,195.33,3465573
2018-06-12 01:00:00.000000,195.97,195.99,194.71,195.27,3046955
2018-06-13 01:00:00.000000,195.13,196.0,194.26,194.55,3704879
2018-06-14 01:00:00.000000,194.92,195.0,192.04,192.5,4947205
2018-06-15 01:00:00.000000,192.28,192.5,190.52,191.76,7340985
2018-06-18 01:00:00.000000,190.64,191.3599,189.91,191.11,3773753
2018-06-19 01:00:00.000000,190.05,191.18,189.35,190.35,4035321
2018-06-20 01:00:00.000000,190.47,190.89,189.2,189.5,5234195
2018-06-21 01:00:00.000000,189.05,189.84,187.97,188.86,4977941
2018-06-22 01:00:00.000000,190.0,190.48,188.66,188.91,6996675
2018-06-25 01:00:00.000000,188.63,188.83,185.18,186.73,6062388
2018-06-26 01:00:00.000000,186.52,187.62,185.78,186.44,4324570
2018-06-27 01:00:00.000000,186.5,187.89,184.7459,184.91,4451599
2018-06-28 01:00:00.000000,185.43,187.94,185.16,187.09,4218540
2018-06-29 01:00:00.000000,188.46,189.28,186.29,186.65,5185678
2018-07-02 01:00:00.000000,186.09,188.1,185.97,187.83,3521309
2018-07-03 01:00:00.000000,188.46,188.73,185.72,186.02,2031235
2018-07-05 01:00:00.000000,187.07,187.63,186.23,187.5,3310188
2018-07-06 01:00:00.000000,187.5,188.69,186.52,187.56,2818783
2018-07-09 01:00:00.000000,188.11,189.82,187.82,189.64,3504687
2018-07-10 01:00:00.000000,189.75,190.615,189.15,189.9,2685549
2018-07-11 01:00:00.000000,188.73,190.64,188.56,189.91,3343082
2018-07-12 01:00:00.000000,190.9,190.99,188.91,189.96,3040839
2018-07-13 01:00:00.000000,189.77,191.2922,189.13,190.96,2694638
2018-07-16 01:00:00.000000,190.7,192.23,190.7,192.0,2626721
2018-07-17 01:00:00.000000,192.0,192.19,190.27,190.41,3724974
2018-07-18 01:00:00.000000,195.5,201.4,195.35,200.44,10469557
2018-07-19 01:00:00.000000,200.35,200.9554,197.3,197.49,4670750
2018-07-20 01:00:00.000000,197.0,197.66,196.46,196.78,4076609
2018-07-23 01:00:00.000000,196.25,198.87,196.2001,197.85,3587600
2018-07-24 01:00:00.000000,198.45,199.96,198.22,198.46,3346568
2018-07-25 01:00:00.000000,198.21,198.21,196.81,197.61,3783484
2018-07-26 01:00:00.000000,198.27,198.99,197.28,197.46,3766316
2018-07-27 01:00:00.000000,198.0,198.9,197.18,197.95,3943734
2018-07-30 01:00:00.000000,197.8,199.91,197.8,199.09,3988269
2018-07-31 01:00:00.000000,199.0,199.5363,197.06,197.87,4911689
2018-08-01 01:00:00.000000,198.8,199.7,197.32,197.85,4004619
2018-08-02 01:00:00.000000,197.2,198.76,196.77,198.06,3269861
2018-08-03 01:00:00.000000,198.5,200.42,198.12,200.24,5027974
2018-08-06 01:00:00.000000,204.89,208.11,204.62,206.06,6673114
2018-08-07 01:00:00.000000,207.5,209.94,207.1527,208.72,6160126
2018-08-08 01:00:00.000000,208.81,209.71,208.43,208.94,3869280
2018-08-09 01:00:00.000000,209.0,209.65,208.72,209.1,4685687
2018-08-10 01:00:00.000000,207.3,207.77,205.59,206.63,4383121
2018-08-13 01:00:00.000000,206.63,207.01,205.04,205.17,3839030
2018-08-14 01:00:00.000000,205.3,206.48,204.9,205.83,2774546
2018-08-15 01:00:00.000000,205.01,205.4886,203.57,204.5,3547235
2018-08-16 01:00:00.000000,205.39,207.62,204.6,207.56,3576514
2018-08-17 01:00:00.000000,207.57,208.47,206.92,208.14,2749926
2018-08-20 01:00:00.000000,208.43,209.535,207.83,208.46,2527289
2018-08-21 01:00:00.000000,208.81,209.35,208.1,208.49,2665299
2018-08-22 01:00:00.000000,207.63,207.97,206.96,207.33,2454554
2018-08-23 01:00:00.000000,207.58,207.79,206.66,207.24,2363028
2018-08-24 01:00:00.000000,207.75,208.16,207.33,207.98,2415798
2018-08-27 01:00:00.000000,208.56,210.75,208.52,210.51,3166684
2018-08-28 01:00:00.000000,210.88,211.2,210.01,210.77,2885193
2018-08-29 01:00:00.000000,211.0,211.32,210.18,211.27,3176896
2018-08-30 01:00:00.000000,211.08,211.3,209.67,209.75,4737887
2018-08-31 01:00:00.000000,210.0,210.3,208.1,208.72,4526229
2018-09-04 01:00:00.000000,209.21,210.1,208.04,210.05,2775753
2018-09-05 01:00:00.000000,209.81,212.46,209.49,212.26,3709175
2018-09-06 01:00:00.000000,211.6,213.4,211.57,212.88,3601837
2018-09-07 01:00:00.000000,212.5,214.47,212.5,214.04,4050145
2018-09-10 01:00:00.000000,215.0,216.27,214.42,215.11,4137213
2018-09-11 01:00:00.000000,214.04,215.87,212.76,215.1,3601475
2018-09-12 01:00:00.000000,214.54,215.43,214.15,214.59,3463187
2018-09-13 01:00:00.000000,215.02,215.42,214.17,214.89,4071608
2018-09-14 01:00:00.000000,215.5,216.51,215.3,216.37,3279046
2018-09-17 01:00:00.000000,216.99,217.13,215.7329,216.29,3076877
2018-09-18 01:00:00.000000,216.3,218.5,216.3,218.3,3576820
2018-09-19 01:00:00.000000,218.22,221.32,217.8,220.95,4288273
2018-09-20 01:00:00.000000,221.78,223.0,221.3,221.68,5340223
2018-09-21 01:00:00.000000,222.13,222.69,220.13,220.52,13363198
2018-09-24 01:00:00.000000,220.48,220.68,217.91,218.13,4539528
2018-09-25 01:00:00.000000,218.43,218.98,217.41,218.05,3280268
2018-09-26 01:00:00.000000,218.05,218.42,215.77,216.11,4122054
2018-09-27 01:00:00.000000,216.74,217.6772,215.23,216.7,3053549
2018-09-28 01:00:00.000000,216.38,216.38,213.86,214.11,4482537
2018-10-01 01:00:00.000000,215.92,216.1351,213.94,214.78,2993045
2018-10-02 01:00:00.000000,214.43,215.54,214.04,215.29,2934750
2018-10-03 01:00:00.000000,215.75,217.78,215.5,216.4,3275088
2018-10-04 01:00:00.000000,216.43,219.0,216.36,218.97,4428483
2018-10-05 01:00:00.000000,219.7,220.4,218.69,219.46,4075719
2018-10-08 01:00:00.000000,219.16,222.76,219.02,222.06,5641234
2018-10-09 01:00:00.000000,221.85,223.94,221.01,223.76,4516486
2018-10-10 01:00:00.000000,224.0,224.07,212.54,213.1,7922116
2018-10-11 01:00:00.000000,209.9,211.09,203.28,205.19,8322696
2018-10-12 01:00:00.000000,210.04,210.6,203.995,206.8,5734741
2018-10-15 01:00:00.000000,207.46,207.46,204.67,205.03,4541069
2018-10-16 01:00:00.000000,206.66,210.78,205.92,209.83,4776225
2018-10-17 01:00:00.000000,209.83,211.67,207.31,210.52,3807785
2018-10-18 01:00:00.000000,210.0,211.27,207.32,208.7,3144902
2018-10-19 01:00:00.000000,208.49,210.75,207.7964,209.83,4814518
2018-10-22 01:00:00.000000,210.77,210.77,206.03,206.19,3252413
2018-10-23 01:00:00.000000,203.1,205.25,201.88,204.0,4705739
2018-10-24 01:00:00.000000,202.77,203.69,199.57,199.81,4705917
2018-10-25 01:00:00.000000,200.73,203.43,200.14,201.98,4571854
2018-10-26 01:00:00.000000,199.01,200.69,197.29,198.49,6734582
2018-10-29 01:00:00.000000,201.23,203.612,197.93,200.04,4936434
2018-10-30 01:00:00.000000,199.65,203.76,198.7,203.35,6054262
2018-10-31 01:00:00.000000,205.21,208.07,204.5,205.28,5662988
2018-11-01 01:00:00.000000,205.6,206.28,204.32,205.86,3895086
2018-11-02 01:00:00.000000,207.5,208.705,203.39,206.57,5059827
2018-11-05 01:00:00.000000,213.51,217.51,212.96,216.24,7667565
2018-11-06 01:00:00.000000,216.75,218.74,216.4644,218.51,3879803
2018-11-07 01:00:00.000000,219.99,221.55,217.561,221.24,4741926
2018-11-08 01:00:00.000000,221.24,223.52,220.55,222.42,4165958
2018-11-09 01:00:00.000000,221.67,221.99,218.3,219.63,3971650
2018-11-12 01:00:00.000000,219.96,220.185,215.0,215.42,3355176
2018-11-13 01:00:00.000000,215.61,219.15,215.18,217.92,4089594
2018-11-14 01:00:00.000000,219.5,220.72,213.8,216.03,4409106
2018-11-15 01:00:00.000000,214.83,217.57,212.14,217.38,4258846
2018-11-16 01:00:00.000000,217.0,220.5,215.46,218.41,4347943
2018-11-19 01:00:00.000000,218.28,218.73,215.26,217.94,4321038
2018-11-20 01:00:00.000000,215.31,215.99,210.42,210.71,7680903
2018-11-21 01:00:00.000000,211.3,213.74,210.53,210.86,2840685
2018-11-23 01:00:00.000000,209.25,209.99,207.03,207.07,2273955
2018-11-26 01:00:00.000000,209.2999,211.0,208.64,210.63,3973883
2018-11-27 01:00:00.000000,209.82,212.84,209.51,212.53,4050554
2018-11-28 01:00:00.000000,213.0,217.64,212.44,217.5,4013390
2018-11-29 01:00:00.000000,215.85,219.3799,215.8,217.7,3960882
2018-11-30 01:00:00.000000,217.23,219.0836,216.93,218.24,5153154
2018-12-03 01:00:00.000000,221.98,223.586,218.9523,220.81,5148753
2018-12-04 01:00:00.000000,220.13,220.2799,209.71,210.12,7689790
2018-12-06 01:00:00.000000,207.05,208.12,202.92,207.96,8386678
2018-12-07 01:00:00.000000,208.14,210.8481,203.5678,204.88,5483471
2018-12-10 01:00:00.000000,204.1,204.74,198.49,203.26,5594118
2018-12-11 01:00:00.000000,206.12,206.89,200.51,202.28,4483736
2018-12-12 01:00:00.000000,205.0,205.59,202.28,202.48,4164175
2018-12-13 01:00:00.000000,202.0,203.555,201.51,202.42,4508000
2018-12-14 01:00:00.000000,200.96,201.75,199.58,200.0,4995185
2018-12-17 01:00:00.000000,199.77,202.2,197.1,197.92,5991617
2018-12-18 01:00:00.000000,199.645,200.34,194.44,196.52,6593102
2018-12-19 01:00:00.000000,196.51,201.31,193.33,195.17,6278755
2018-12-20 01:00:00.000000,194.01,195.37,191.11,193.58,8976099
2018-12-21 01:00:00.000000,192.22,197.8,191.57,192.1,14907736
2018-12-24 01:00:00.000000,190.7,191.64,187.11,187.76,5020639
2018-12-26 01:00:00.000000,188.65,197.93,186.1003,197.57,7158221
2018-12-27 01:00:00.000000,195.6,200.12,191.9,200.12,7386835
2018-12-28 01:00:00.000000,200.72,204.74,200.2,202.08,5420780
2018-12-31 01:00:00.000000,204.23,205.01,201.0,204.18,5451924
2019-01-02 01:00:00.000000,201.73,204.4,201.15,202.8,4802068
2019-01-03 01:00:00.000000,199.97,200.22,191.04,191.66,8540588
2019-01-04 01:00:00.000000,194.85,196.69,193.88,195.2,6611219
2019-01-07 01:00:00.000000,196.39,198.28,195.37,196.91,5423020
2019-01-08 01:00:00.000000,198.99,199.08,194.66,196.31,4476843
2019-01-09 01:00:00.000000,197.3,197.68,194.95,196.37,3607458
2019-01-10 01:00:00.000000,195.51,197.9,194.96,196.58,3627722
2019-01-11 01:00:00.000000,195.66,196.65,194.5,196.29,3535212
2019-01-14 01:00:00.000000,194.78,196.44,194.46,195.78,3954272
2019-01-15 01:00:00.000000,195.79,197.25,195.201,196.94,3206723
2019-01-16 01:00:00.000000,197.64,199.57,197.24,198.41,5069580
2019-01-17 01:00:00.000000,197.7,199.41,196.46,198.78,4160991
2019-01-18 01:00:00.000000,200.7,204.73,200.24,204.48,5941214
2019-01-22 01:00:00.000000,203.52,204.96,199.14,200.72,5397721
2019-01-23 01:00:00.000000,200.72,201.31,198.5,201.15,3705549
2019-01-24 01:00:00.000000,199.75,201.6,199.75,201.02,4074934
2019-01-25 01:00:00.000000,203.05,204.74,202.0,202.75,3825291
2019-01-28 01:00:00.000000,201.49,201.75,199.81,200.95,3718029
2019-01-29 01:00:00.000000,200.92,202.1499,200.5,202.05,2815361
2019-01-30 01:00:00.000000,203.31,207.59,203.05,205.96,4519891
2019-01-31 01:00:00.000000,204.68,208.01,203.64,205.54,8676238
2019-02-01 01:00:00.000000,206.52,209.3,206.2,209.19,5992569
2019-02-04 01:00:00.000000,209.16,209.4,207.05,208.52,3730906
2019-02-05 01:00:00.000000,209.1,209.16,206.53,207.82,4243686
2019-02-06 01:00:00.000000,207.24,207.24,205.1,206.01,3708792
2019-02-07 01:00:00.000000,204.53,204.99,200.57,201.73,4908718
2019-02-08 01:00:00.000000,200.82,201.2,198.21,200.92,4666657
2019-02-11 01:00:00.000000,201.69,203.33,201.32,203.05,3600112
2019-02-12 01:00:00.000000,204.94,206.67,204.87,206.15,3517911
2019-02-13 01:00:00.000000,206.96,208.08,205.4141,205.8,3326941
2019-02-14 01:00:00.000000,204.64,204.64,201.6,202.78,3627291
2019-02-15 01:00:00.000000,204.86,205.79,204.07,205.29,5044736
2019-02-19 01:00:00.000000,205.1,206.32,204.68,205.69,3204178
2019-02-20 01:00:00.000000,205.78,206.92,204.935,206.16,3309310
2019-02-21 01:00:00.000000,206.27,206.86,204.35,205.33,3661365
2019-02-22 01:00:00.000000,204.25,204.59,199.92,201.91,5574969
2019-02-25 01:00:00.000000,201.7,205.0,201.22,202.31,5146498
2019-02-26 01:00:00.000000,202.4,202.65,201.3,201.9,4892733
2019-02-27 01:00:00.000000,201.72,202.3,201.25,202.29,4247246
2019-02-28 01:00:00.000000,202.68,202.94,201.11,201.3,3618960
2019-03-01 01:00:00.000000,203.15,203.84,201.84,203.13,3529468
2019-03-04 01:00:00.000000,203.09,204.87,200.58,201.81,4640638
2019-03-05 01:00:00.000000,201.76,202.0,200.58,201.47,5268386
2019-03-06 01:00:00.000000,201.61,202.3,200.57,200.67,3216616
2019-03-07 01:00:00.000000,200.58,200.58,197.99,199.3,5105747
2019-03-08 01:00:00.000000,197.91,198.94,197.03,198.7,3755208
2019-03-11 01:00:00.000000,199.62,202.3,199.47,202.09,3999269
2019-03-12 01:00:00.000000,202.66,203.73,202.23,202.5,3756148
2019-03-13 01:00:00.000000,203.0,205.36,202.66,204.06,3693597
2019-03-14 01:00:00.000000,203.26,204.36,202.68,203.38,3084157
2019-03-15 01:00:00.000000,204.08,206.16,203.86,204.31,7738851
2019-03-18 01:00:00.000000,204.67,206.95,204.67,206.68,3964622
2019-03-19 01:00:00.000000,207.75,207.75,204.56,205.15,3881533
2019-03-20 01:00:00.000000,205.43,205.45,202.98,203.27,4053218
2019-03-21 01:00:00.000000,202.92,204.7,201.91,204.43,4182517
2019-03-22 01:00:00.000000,203.28,204.01,200.06,200.55,5871296
2019-03-25 01:00:00.000000,200.83,201.98,198.2,199.44,4113063
2019-03-26 01:00:00.000000,200.83,201.32,198.7,200.62,3737812
2019-03-27 01:00:00.000000,200.72,201.2,198.23,199.21,3619181
2019-03-28 01:00:00.000000,199.4,200.75,198.4,200.66,3233554
2019-03-29 01:00:00.000000,201.34,201.7,200.03,200.89,4619762
2019-04-01 01:00:00.000000,202.16,205.3,202.0,205.0,4671599
2019-04-02 01:00:00.000000,204.91,205.43,203.59,203.88,2599673
2019-04-03 01:00:00.000000,205.46,205.7,202.9,203.67,2864486
2019-04-04 01:00:00.000000,203.26,204.9399,202.79,204.1,2436542
2019-04-05 01:00:00.000000,204.12,205.53,203.1,205.33,3363457
2019-04-08 01:00:00.000000,205.14,205.64,203.97,205.25,2623984
2019-04-09 01:00:00.000000,204.84,204.97,203.59,204.92,2589728
2019-04-10 01:00:00.000000,205.12,205.23,203.6,204.52,2632155
2019-04-11 01:00:00.000000,204.76,207.09,204.27,206.67,2988267
2019-04-12 01:00:00.000000,208.08,211.6738,207.58,210.56,4778873
2019-04-15 01:00:00.000000,210.52,210.55,207.76,209.74,2587520
2019-04-16 01:00:00.000000,210.15,211.84,210.0,211.8,2644777
2019-04-17 01:00:00.000000,212.39,212.49,209.68,210.37,2883009
2019-04-18 01:00:00.000000,210.96,211.43,209.73,209.99,2590894
2019-04-22 01:00:00.000000,209.5,210.37,208.88,209.49,1929247
2019-04-23 01:00:00.000000,209.5,211.88,208.89,211.61,3475441
2019-04-24 01:00:00.000000,211.55,212.02,210.2343,210.57,3208500
2019-04-25 01:00:00.000000,209.62,212.67,209.34,211.95,3152140
2019-04-26 01:00:00.000000,211.85,214.22,211.81,214.22,3155383
2019-04-29 01:00:00.000000,214.92,217.22,214.6,216.58,3467613
2019-04-30 01:00:00.000000,217.32,217.32,214.7,216.71,3611084
2019-05-01 01:00:00.000000,217.22,218.79,216.49,216.71,3769217
2019-05-02 01:00:00.000000,217.19,217.7,215.17,215.93,2646680
2019-05-03 01:00:00.000000,217.14,219.16,216.87,218.6,3382560
2019-05-06 01:00:00.000000,214.685,215.51,211.541,213.16,5657206
2019-05-07 01:00:00.000000,211.34,211.6,207.41,209.43,5266714
2019-05-08 01:00:00.000000,208.26,211.72,207.6,209.29,3838173
2019-05-09 01:00:00.000000,207.34,208.92,204.39,208.56,4251265
2019-05-10 01:00:00.000000,207.89,209.29,204.305,209.02,4075724
2019-05-13 01:00:00.000000,204.96,205.91,204.3,205.01,5186169
2019-05-14 01:00:00.000000,205.67,206.815,203.45,203.69,4005193
2019-05-15 01:00:00.000000,202.79,204.13,201.39,202.98,4024275
2019-05-16 01:00:00.000000,203.9,206.66,203.9,204.63,3074219
2019-05-17 01:00:00.000000,203.0,205.46,202.45,203.27,4614709
2019-05-20 01:00:00.000000,202.64,203.18,201.75,202.73,2645277
2019-05-21 01:00:00.000000,203.16,203.9874,202.5,203.36,2664427
2019-05-22 01:00:00.000000,202.72,203.49,201.7,202.6,2776131
2019-05-23 01:00:00.000000,200.8,202.18,199.32,201.3,4737449
2019-05-24 01:00:00.000000,202.12,202.12,200.79,201.69,3314493
2019-05-28 01:00:00.000000,202.05,202.41,199.52,199.7,6914939
2019-05-29 01:00:00.000000,198.95,199.49,197.34,198.52,4625776
2019-05-30 01:00:00.000000,199.06,200.2113,198.76,199.74,3646258
2019-05-31 01:00:00.000000,198.32,198.83,197.075,197.42,3685173
2019-06-03 01:00:00.000000,197.62,198.92,196.89,198.56,3979035
2019-06-04 01:00:00.000000,200.63,201.65,199.57,201.59,4112641
2019-06-05 01:00:00.000000,202.38,203.35,200.91,203.3,3210940
2019-06-06 01:00:00.000000,202.9,205.39,202.54,204.77,3005213
2019-06-07 01:00:00.000000,204.95,206.54,204.8,205.81,2672721
2019-06-10 01:00:00.000000,207.12,208.08,206.46,207.16,2865546
2019-06-11 01:00:00.000000,208.5,208.99,206.0,206.63,2545954
2019-06-12 01:00:00.000000,206.2,206.6,203.92,204.57,2835868
2019-06-13 01:00:00.000000,204.46,205.7599,204.3,204.99,2257756
2019-06-14 01:00:00.000000,204.87,205.845,203.85,205.16,2512373
2019-06-17 01:00:00.000000,205.85,205.85,203.16,203.48,2819964
2019-06-18 01:00:00.000000,204.47,206.4624,203.98,206.01,3670723
2019-06-19 01:00:00.000000,206.36,208.31,206.14,206.75,3320746
2019-06-20 01:00:00.000000,208.51,208.75,206.0414,208.04,3836861
2019-06-21 01:00:00.000000,208.43,208.72,206.03,206.21,5994485
2019-06-24 01:00:00.000000,206.39,207.59,205.96,206.85,3164398
2019-06-25 01:00:00.000000,207.41,208.48,206.8001,208.07,3727362
2019-06-26 01:00:00.000000,208.28,210.0,208.21,208.51,3937817
2019-06-27 01:00:00.000000,208.97,212.54,208.81,212.02,4182800
2019-06-28 01:00:00.000000,213.0,213.33,211.32,213.17,7472388
2019-07-01 01:00:00.000000,214.25,215.21,213.21,214.62,3467241
2019-07-02 01:00:00.000000,214.38,215.59,213.4,214.54,3054355
2019-07-03 01:00:00.000000,215.0,215.25,212.66,215.16,2489136
2019-07-05 01:00:00.000000,215.13,215.77,213.9,215.25,3324183
2019-07-08 01:00:00.000000,214.0,215.8,213.91,215.13,2978431
2019-07-09 01:00:00.000000,213.02,214.92,212.97,214.75,2687024
2019-07-10 01:00:00.000000,215.21,216.58,213.77,214.03,3704992
2019-07-11 01:00:00.000000,214.31,214.5499,212.98,213.17,3119597
2019-07-12 01:00:00.000000,213.2,214.19,212.51,214.1,2360685
2019-07-15 01:00:00.000000,214.44,214.44,212.82,213.54,2715629
2019-07-16 01:00:00.000000,214.29,215.04,212.78,212.88,2709343
2019-07-17 01:00:00.000000,212.52,212.96,207.41,207.45,4325198
2019-07-18 01:00:00.000000,207.52,209.0942,207.12,207.98,3612161
2019-07-19 01:00:00.000000,208.11,208.25,205.65,205.97,3513524
2019-07-22 01:00:00.000000,205.34,206.16,204.36,204.84,3086088
2019-07-23 01:00:00.000000,205.51,206.63,204.92,206.46,3086415
2019-07-24 01:00:00.000000,205.74,208.01,205.63,207.97,3105425
2019-07-25 01:00:00.000000,208.37,208.37,206.53,207.9,3022205
2019-07-26 01:00:00.000000,207.82,210.03,206.75,209.9,3654607
2019-07-29 01:00:00.000000,210.0,210.0,208.42,208.61,2834084
2019-07-30 01:00:00.000000,207.89,208.36,206.86,207.81,1977839
2019-07-31 01:00:00.000000,207.8,209.5,205.3,205.43,4634512
2019-08-01 01:00:00.000000,205.63,206.98,201.49,201.71,4829521
2019-08-02 01:00:00.000000,201.79,204.43,199.42,202.67,5696980
2019-08-05 01:00:00.000000,199.9,201.1,197.16,197.73,7621861
2019-08-06 01:00:00.000000,199.61,200.93,197.9,200.55,5500809
2019-08-07 01:00:00.000000,198.56,199.2957,195.4,198.21,5326559
2019-08-08 01:00:00.000000,199.93,200.87,198.12,200.52,4143445
2019-08-09 01:00:00.000000,200.19,200.55,197.67,199.05,4334639
2019-08-12 01:00:00.000000,197.61,199.47,196.91,197.2,3194483
2019-08-13 01:00:00.000000,197.46,201.0,196.5,198.78,3914758
2019-08-14 01:00:00.000000,195.78,197.25,195.61,195.81,5839062
2019-08-15 01:00:00.000000,197.08,199.0411,196.38,198.31,4644724
2019-08-16 01:00:00.000000,200.5,200.88,198.55,199.72,4796046
2019-08-19 01:00:00.000000,202.72,203.1,200.38,200.94,4216714
2019-08-20 01:00:00.000000,200.27,200.285,198.02,198.15,4043522
2019-08-21 01:00:00.000000,199.01,199.77,198.7101,199.24,3532077
2019-08-22 01:00:00.000000,199.8,201.8697,199.8,201.01,3214384
2019-08-23 01:00:00.000000,200.19,200.92,195.96,197.16,5948735
2019-08-26 01:00:00.000000,198.7,200.2,197.44,200.2,3094943
2019-08-27 01:00:00.000000,200.76,201.3,198.04,198.35,3069044
2019-08-28 01:00:00.000000,198.02,200.57,197.53,200.45,3405503
2019-08-29 01:00:00.000000,201.71,203.8,201.66,203.2,3328295
2019-08-30 01:00:00.000000,204.02,204.3509,202.73,203.41,3632301
2019-09-03 01:00:00.000000,201.19,201.83,200.19,200.9,3637136
2019-09-04 01:00:00.000000,202.73,202.94,201.3,202.19,3209056
2019-09-05 01:00:00.000000,204.13,206.22,203.77,204.24,3969863
2019-09-06 01:00:00.000000,204.44,205.15,203.8617,204.73,3409358
2019-09-09 01:00:00.000000,205.51,207.8,205.2,206.62,4565146
2019-09-10 01:00:00.000000,207.31,208.31,206.13,208.31,3878591
2019-09-11 01:00:00.000000,208.27,210.93,207.525,210.91,4439914
2019-09-12 01:00:00.000000,211.0,212.68,210.72,211.37,4599340
2019-09-13 01:00:00.000000,212.24,214.58,212.22,213.61,4244903
2019-09-16 01:00:00.000000,212.06,212.1,209.94,210.33,3472741
2019-09-17 01:00:00.000000,210.35,211.16,208.68,210.15,3863004
2019-09-18 01:00:00.000000,209.89,211.32,209.12,210.9,2734580
2019-09-19 01:00:00.000000,210.78,211.44,208.9,209.22,2736437
2019-09-20 01:00:00.000000,210.37,210.37,207.27,208.12,10704251
2019-09-23 01:00:00.000000,207.02,208.53,206.4,207.96,3076510
2019-09-24 01:00:00.000000,208.17,208.89,205.74,206.4,3710573
2019-09-25 01:00:00.000000,206.5,209.44,206.23,208.11,3291982
2019-09-26 01:00:00.000000,208.19,208.19,206.35,206.9,2823123
2019-09-27 01:00:00.000000,207.73,208.64,206.54,207.45,2843689
2019-09-30 01:00:00.000000,207.77,208.7,207.534,208.02,3167632
2019-10-01 01:00:00.000000,208.94,209.66,206.44,206.71,3512543
2019-10-02 01:00:00.000000,206.09,206.09,202.38,203.1,5939951
2019-10-03 01:00:00.000000,202.65,205.09,201.33,204.98,4308064
2019-10-04 01:00:00.000000,205.09,208.28,205.05,208.08,3572235
2019-10-07 01:00:00.000000,207.36,209.6,206.19,207.24,2720630
2019-10-08 01:00:00.000000,205.62,206.14,203.93,204.09,4187853
2019-10-09 01:00:00.000000,204.94,207.23,204.73,206.69,3210433
2019-10-10 01:00:00.000000,206.37,208.19,206.08,206.86,2979733
2019-10-11 01:00:00.000000,208.97,210.08,207.73,208.08,4408767
2019-10-14 01:00:00.000000,208.01,208.07,206.93,207.91,1903109
2019-10-15 01:00:00.000000,207.73,210.15,207.57,209.38,3055578
2019-10-16 01:00:00.000000,208.37,209.97,208.37,209.29,3233940
2019-10-17 01:00:00.000000,209.26,209.98,208.51,208.62,3576676
2019-10-18 01:00:00.000000,208.45,209.62,208.2,208.76,3581579
2019-10-21 01:00:00.000000,210.0,211.54,209.76,211.49,3337638
2019-10-22 01:00:00.000000,211.03,211.97,210.47,210.62,2720621
2019-10-23 01:00:00.000000,210.5,211.01,209.54,210.96,2415596
2019-10-24 01:00:00.000000,211.16,211.32,209.72,210.26,3147560
2019-10-25 01:00:00.000000,209.87,212.33,209.75,211.8,2539457
2019-10-28 01:00:00.000000,212.31,213.34,212.14,212.86,3521940
2019-10-29 01:00:00.000000,212.38,213.17,211.61,213.01,2630512
2019-10-30 01:00:00.000000,212.99,213.43,211.67,213.25,3298217
2019-10-31 01:00:00.000000,213.01,213.71,211.54,212.58,4305999
2019-11-01 01:00:00.000000,213.55,216.63,213.4,215.83,4778977
2019-11-04 01:00:00.000000,217.77,218.62,216.9827,217.98,4157127
2019-11-05 01:00:00.000000,218.69,221.68,218.43,220.88,5321850
2019-11-06 01:00:00.000000,221.09,222.03,220.11,222.0,3664010
2019-11-07 01:00:00.000000,222.81,223.37,221.67,222.74,4396330
2019-11-08 01:00:00.000000,222.75,223.0,219.89,221.31,3347189
2019-11-11 01:00:00.000000,220.2,221.0913,219.87,220.85,2380511
2019-11-12 01:00:00.000000,220.98,222.19,220.54,220.89,2657678
2019-11-13 01:00:00.000000,219.72,220.27,218.61,219.77,3190818
2019-11-14 01:00:00.000000,219.77,219.87,217.91,219.36,2831807
2019-11-15 01:00:00.000000,220.18,220.43,218.74,219.74,3477460
2019-11-18 01:00:00.000000,219.95,220.05,218.388,219.35,3894984
2019-11-19 01:00:00.000000,219.93,220.0,218.7827,219.03,3378196
2019-11-20 01:00:00.000000,218.01,218.37,216.01,217.48,4966467
2019-11-21 01:00:00.000000,217.3,217.705,216.3,216.63,3707678
2019-11-22 01:00:00.000000,216.96,217.99,216.8,217.96,2393303
2019-11-25 01:00:00.000000,218.74,219.39,218.26,219.06,3650331
2019-11-26 01:00:00.000000,219.11,219.2,217.72,218.9,3718712
2019-11-27 01:00:00.000000,219.25,220.59,218.48,220.5,3947243
2019-11-29 01:00:00.000000,220.5,220.58,219.825,220.3,2256461
2019-12-02 01:00:00.000000,220.6,221.38,220.1101,220.33,3888736
2019-12-03 01:00:00.000000,218.82,218.9,216.3952,218.08,4501807
2019-12-04 01:00:00.000000,217.95,218.8828,217.54,218.4,2667728
2019-12-05 01:00:00.000000,218.99,219.75,218.05,219.6,2319936
2019-12-06 01:00:00.000000,221.64,223.0,221.33,222.61,3447861
2019-12-09 01:00:00.000000,222.71,223.3,221.19,221.38,2616647
2019-12-10 01:00:00.000000,222.07,222.07,220.21,221.26,2690874
2019-12-11 01:00:00.000000,221.21,222.65,221.01,222.57,3547432
2019-12-12 01:00:00.000000,222.88,226.52,222.53,225.92,5124306
2019-12-13 01:00:00.000000,225.92,226.5,223.96,225.37,3160709
2019-12-16 01:00:00.000000,226.77,227.81,226.29,226.85,4280417
2019-12-17 01:00:00.000000,227.27,228.23,226.55,227.05,4867651
2019-12-18 01:00:00.000000,227.06,227.2,224.89,225.01,5963388
2019-12-19 01:00:00.000000,224.66,225.66,224.16,225.21,4967692
2019-12-20 01:00:00.000000,226.24,227.8,225.56,226.31,11574294
2019-12-23 01:00:00.000000,226.61,226.67,224.93,225.48,3504201
2019-12-24 01:00:00.000000,225.24,225.65,224.88,225.47,961133
2019-12-26 01:00:00.000000,225.92,226.51,225.64,226.45,1725982
2019-12-27 01:00:00.000000,226.86,226.97,225.57,226.14,2769665
2019-12-30 01:00:00.000000,226.14,226.6,224.67,225.76,2769821
2019-12-31 01:00:00.000000,226.16,226.72,225.14,226.5,3145359
2020-01-02 01:00:00.000000,227.51,228.39,226.71,228.39,3767253
2020-01-03 01:00:00.000000,225.69,227.43,225.48,226.18,3024008
2020-01-06 01:00:00.000000,224.99,227.13,224.7,226.99,4263359
2020-01-07 01:00:00.000000,227.26,227.26,225.44,225.92,3530280
2020-01-08 01:00:00.000000,226.03,227.84,225.87,225.99,3782033
2020-01-09 01:00:00.000000,226.92,228.85,226.92,228.65,3497724
2020-01-10 01:00:00.000000,228.5,228.5308,226.59,226.62,2573152
2020-01-13 01:00:00.000000,227.05,228.47,226.1251,228.45,3287976
2020-01-14 01:00:00.000000,227.85,228.3899,226.88,227.17,3356233
2020-01-15 01:00:00.000000,226.8,228.64,226.78,228.35,2664870
2020-01-16 01:00:00.000000,229.34,230.03,228.52,229.73,3037238
2020-01-17 01:00:00.000000,230.13,231.61,229.55,230.2,6603956
2020-01-21 01:00:00.000000,229.85,231.13,227.95,228.63,5842158
2020-01-22 01:00:00.000000,229.0,230.38,228.41,229.54,3164373
2020-01-23 01:00:00.000000,229.43,229.77,227.3492,229.38,4750042
2020-01-24 01:00:00.000000,229.4,229.41,226.04,226.86,4024035
2020-01-27 01:00:00.000000,223.7,223.9,221.11,222.45,5455063
2020-01-28 01:00:00.000000,223.44,225.35,223.16,224.03,3613154
2020-01-29 01:00:00.000000,224.75,226.4,224.31,224.5,2311394
2020-01-30 01:00:00.000000,223.11,228.08,222.48,227.88,3355343
2020-01-31 01:00:00.000000,226.49,226.97,223.43,224.43,3948507
2020-02-03 01:00:00.000000,225.48,226.32,223.0,223.47,3525322
2020-02-04 01:00:00.000000,226.15,226.94,224.79,225.08,3643707
2020-02-05 01:00:00.000000,226.91,228.68,226.75,228.65,3364133
2020-02-06 01:00:00.000000,229.56,230.08,228.53,229.61,2801166
2020-02-07 01:00:00.000000,228.07,228.62,226.67,227.38,2886854
2020-02-10 01:00:00.000000,227.17,227.7503,225.13,227.11,2945177
2020-02-11 01:00:00.000000,228.59,228.59,227.02,227.33,2918511
2020-02-12 01:00:00.000000,228.05,228.84,226.91,227.44,3786174
2020-02-13 01:00:00.000000,226.53,227.4,226.1,226.47,2838906
2020-02-14 01:00:00.000000,226.49,227.14,225.52,226.8,2506699
2020-02-18 01:00:00.000000,226.39,227.38,225.27,226.77,3153466
2020-02-19 01:00:00.000000,227.68,229.71,226.93,229.24,3189102
2020-02-20 01:00:00.000000,229.76,229.79,227.15,228.17,3549133
2020-02-21 01:00:00.000000,227.53,230.07,226.98,229.33,4702108
2020-02-24 01:00:00.000000,221.31,223.94,220.27,221.69,7933733
2020-02-25 01:00:00.000000,222.2,223.24,216.76,218.05,8560131
2020-02-26 01:00:00.000000,219.65,220.63,215.94,216.06,6907568
2020-02-27 01:00:00.000000,212.9,214.38,207.28,207.67,10945542
2020-02-28 01:00:00.000000,201.92,206.44,199.68,206.34,15149589
2020-03-02 01:00:00.000000,207.25,218.8,204.4339,217.63,10408117
2020-03-03 01:00:00.000000,217.39,218.15,206.2,208.81,10717122
2020-03-04 01:00:00.000000,212.14,218.34,209.26,217.86,7409199
2020-03-05 01:00:00.000000,212.55,212.75,207.01,208.96,8114450
2020-03-06 01:00:00.000000,203.48,207.41,202.35,205.98,9443910
2020-03-09 01:00:00.000000,195.0,198.479,192.26,193.13,13986192
2020-03-10 01:00:00.000000,201.35,202.86,195.0517,202.73,10931656
2020-03-11 01:00:00.000000,197.32,198.13,192.87,194.64,9586080
2020-03-12 01:00:00.000000,183.6,187.6699,175.0,175.97,22303501
2020-03-13 01:00:00.000000,187.45,196.5,178.41,196.4,14867020
2020-03-16 01:00:00.000000,174.0,188.38,173.62,177.77,14171802
2020-03-17 01:00:00.000000,181.88,187.81,177.0,187.6,15081851
2020-03-18 01:00:00.000000,177.29,181.39,167.0,172.44,16682838
2020-03-19 01:00:00.000000,170.21,176.18,166.0,174.68,12492309
2020-03-20 01:00:00.000000,176.3,177.18,167.2945,170.06,15218821
2020-03-23 01:00:00.000000,165.3,166.69,159.5,162.13,16512831
2020-03-24 01:00:00.000000,170.91,179.14,169.53,178.2,14093996
2020-03-25 01:00:00.000000,180.01,189.07,175.17,180.47,13856492
2020-03-26 01:00:00.000000,181.29,184.96,179.59,183.9,14145128
2020-03-27 01:00:00.000000,178.5,184.24,176.72,179.66,10264577
2020-03-30 01:00:00.000000,180.04,184.11,178.0,183.18,7674376
2020-03-31 01:00:00.000000,182.05,186.17,180.57,182.83,8999502
2020-04-01 01:00:00.000000,176.18,178.67,174.19,175.95,8684977
2020-04-02 01:00:00.000000,175.0,180.31,174.225,179.73,7276305
2020-04-03 01:00:00.000000,178.59,180.22,175.44,178.34,6645402
2020-04-06 01:00:00.000000,184.61,186.41,180.49,185.24,9943688
2020-04-07 01:00:00.000000,191.99,192.0,184.9,185.25,8151274
2020-04-08 01:00:00.000000,187.55,191.42,185.14,191.01,6112986
2020-04-09 01:00:00.000000,194.0,197.23,191.45,193.84,10525209
2020-04-13 01:00:00.000000,193.85,193.85,186.08,188.77,7897317
2020-04-14 01:00:00.000000,193.32,194.16,190.82,192.94,7033292
2020-04-15 01:00:00.000000,188.56,189.59,187.47,188.57,6143064
2020-04-16 01:00:00.000000,188.9,188.99,185.8,187.96,6257017
2020-04-17 01:00:00.000000,192.89,192.9,189.02,191.2,8275774
2020-04-20 01:00:00.000000,188.72,189.35,187.3,188.75,6475978
2020-04-21 01:00:00.000000,184.17,185.78,183.28,183.48,5886829
2020-04-22 01:00:00.000000,186.46,187.37,185.34,186.58,5473376
2020-04-23 01:00:00.000000,186.99,187.35,184.5,185.63,6214098
2020-04-24 01:00:00.000000,187.08,187.28,184.42,186.52,5206780
2020-04-27 01:00:00.000000,187.78,189.37,186.35,187.46,6625074
2020-04-28 01:00:00.000000,190.54,191.0,187.0,187.12,6679292
2020-04-29 01:00:00.000000,190.64,192.68,188.93,189.61,7654591
2020-04-30 01:00:00.000000,188.3,189.87,186.71,187.36,8224394
2020-05-01 01:00:00.000000,185.21,185.89,181.64,182.67,7516538
2020-05-04 01:00:00.000000,179.78,180.36,176.3401,177.95,9455779
2020-05-05 01:00:00.000000,180.045,180.23,175.93,176.03,9019874
2020-05-06 01:00:00.000000,176.94,177.04,172.34,172.38,9016047
2020-05-07 01:00:00.000000,173.4,175.38,173.05,173.48,6702275
2020-05-08 01:00:00.000000,176.71,177.26,174.28,176.83,5798965
2020-05-11 01:00:00.000000,175.23,175.96,173.61,174.64,9239404
2020-05-12 01:00:00.000000,175.2,175.7149,172.73,172.81,6483703
2020-05-13 01:00:00.000000,172.0,172.61,169.44,170.57,10262672
2020-05-14 01:00:00.000000,168.8,171.4,167.0401,170.93,7016473
2020-05-15 01:00:00.000000,169.82,170.66,168.52,169.25,5941213
2020-05-18 01:00:00.000000,174.0,176.87,172.3091,175.46,7463845
2020-05-19 01:00:00.000000,174.12,174.87,172.34,172.49,5580754
2020-05-20 01:00:00.000000,174.61,176.87,174.29,176.02,5459007
2020-05-21 01:00:00.000000,175.74,176.65,174.47,174.94,4062440
2020-05-22 01:00:00.000000,174.86,175.12,173.21,174.93,3589844
2020-05-26 01:00:00.000000,179.99,181.69,178.68,180.34,7110034
2020-05-27 01:00:00.000000,184.665,185.98,183.8,185.77,7416421
2020-05-28 01:00:00.000000,187.24,187.28,183.92,185.1,6315543
2020-05-29 01:00:00.000000,183.08,185.87,182.53,185.58,10631071
2020-06-01 01:00:00.000000,185.53,185.71,183.185,183.84,5722581
2020-06-02 01:00:00.000000,183.99,186.44,183.99,185.94,5806026
2020-06-03 01:00:00.000000,188.75,191.62,187.81,190.82,6710121
2020-06-04 01:00:00.000000,190.41,192.11,189.69,192.05,5818236
2020-06-05 01:00:00.000000,197.88,201.49,196.22,200.66,10400938
2020-06-08 01:00:00.000000,202.34,203.33,199.56,201.56,6706518
2020-06-09 01:00:00.000000,197.15,198.79,195.83,196.07,7735857
2020-06-10 01:00:00.000000,195.85,196.34,191.37,191.51,7351508
2020-06-11 01:00:00.000000,185.0,186.9296,177.93,178.02,15387904
2020-06-12 01:00:00.000000,184.02,184.02,178.22,181.21,9479915
2020-06-15 01:00:00.000000,177.0,181.7699,176.05,181.55,8111656
2020-06-16 01:00:00.000000,186.55,186.7,179.75,182.3,9414597
2020-06-17 01:00:00.000000,183.03,183.15,180.11,180.86,6458205
2020-06-18 01:00:00.000000,179.9,181.36,179.04,180.73,4924460
2020-06-19 01:00:00.000000,183.5,183.88,179.01,179.72,8765108
2020-06-22 01:00:00.000000,179.55,181.8,178.87,180.17,5822331
2020-06-23 01:00:00.000000,181.87,182.39,180.4,181.01,6382428
2020-06-24 01:00:00.000000,179.61,179.65,177.26,177.53,8086306
2020-06-25 01:00:00.000000,176.58,179.7195,176.06,178.85,6385076
2020-06-26 01:00:00.000000,176.71,178.7,174.63,175.37,14776382
2020-06-29 01:00:00.000000,175.9,177.22,175.33,177.19,5222730
2020-06-30 01:00:00.000000,176.75,179.12,176.51,178.51,6766502
2020-07-01 01:00:00.000000,178.41,180.45,177.34,177.99,4623976
2020-07-02 01:00:00.000000,180.45,180.94,178.24,178.83,5165918
2020-07-06 01:00:00.000000,183.1,183.52,181.59,182.72,6449353
2020-07-07 01:00:00.000000,182.02,182.49,180.6,181.15,4956616
2020-07-08 01:00:00.000000,180.42,182.3119,179.77,181.2,5557679
2020-07-09 01:00:00.000000,181.79,181.88,177.77,178.8,5424922
2020-07-10 01:00:00.000000,178.26,182.96,178.09,182.9,5487025
2020-07-13 01:00:00.000000,183.81,185.82,183.31,184.13,7888833
2020-07-14 01:00:00.000000,182.42,190.08,182.42,189.71,14687111
2020-07-15 01:00:00.000000,192.64,193.05,188.75,190.56,7558957
2020-07-16 01:00:00.000000,188.32,191.93,188.32,191.01,4773368
2020-07-17 01:00:00.000000,191.77,192.12,190.4686,190.76,5187529
2020-07-20 01:00:00.000000,190.02,191.23,189.48,190.48,4092175
2020-07-21 01:00:00.000000,190.4,193.45,190.4,192.27,5257941
2020-07-22 01:00:00.000000,191.78,192.24,190.63,192.1,4184472
2020-07-23 01:00:00.000000,191.71,193.39,191.48,193.25,6039644
2020-07-24 01:00:00.000000,193.25,196.28,193.05,194.52,5143693
2020-07-27 01:00:00.000000,193.83,193.99,191.77,192.14,4312003
2020-07-28 01:00:00.000000,190.9,194.46,190.61,194.12,4412796
2020-07-29 01:00:00.000000,194.03,196.67,193.73,196.41,4069954
2020-07-30 01:00:00.000000,193.43,194.57,192.25,194.3,4834570
2020-07-31 01:00:00.000000,195.06,196.0,193.33,195.78,5943185
2020-08-03 01:00:00.000000,197.28,200.68,196.0,199.26,6253519
2020-08-04 01:00:00.000000,198.97,200.31,198.11,200.24,3839089
2020-08-05 01:00:00.000000,201.44,204.69,201.0,203.62,5269199
2020-08-06 01:00:00.000000,203.0,205.39,202.7,205.02,3387477
2020-08-07 01:00:00.000000,204.2,209.75,204.0,209.48,6191783
2020-08-10 01:00:00.000000,211.34,212.92,209.4,212.58,6635745
2020-08-11 01:00:00.000000,214.74,215.6,212.24,212.66,5689794
2020-08-12 01:00:00.000000,213.1,214.39,212.31,213.24,4792657
2020-08-13 01:00:00.000000,212.93,213.33,211.66,211.98,4537189
2020-08-14 01:00:00.000000,211.04,211.97,210.25,210.96,3444703
2020-08-17 01:00:00.000000,210.05,210.82,206.34,206.78,5486419
2020-08-18 01:00:00.000000,206.95,209.76,206.8,208.33,3501913
2020-08-19 01:00:00.000000,209.19,210.21,206.66,207.21,5831268
2020-08-20 01:00:00.000000,205.17,206.79,204.51,206.12,4134384
2020-08-21 01:00:00.000000,205.52,208.4,205.52,207.43,4786825
2020-08-24 01:00:00.000000,209.23,213.3,208.91,212.61,5040022
2020-08-25 01:00:00.000000,213.56,214.0,212.85,213.35,3676863
2020-08-26 01:00:00.000000,212.98,215.83,212.3,214.66,4640785
2020-08-27 01:00:00.000000,214.99,217.98,214.76,216.87,4814583
2020-08-28 01:00:00.000000,217.51,218.81,215.7297,218.55,4291213
2020-08-31 01:00:00.000000,218.62,219.45,217.65,218.04,6134606
2020-09-01 01:00:00.000000,216.92,218.59,216.62,218.55,4134939
2020-09-02 01:00:00.000000,218.13,222.09,218.13,221.68,5495005
2020-09-03 01:00:00.000000,222.0,223.2399,216.43,218.15,7095354
2020-09-04 01:00:00.000000,219.95,221.48,215.06,218.32,6042649
2020-09-08 01:00:00.000000,217.28,219.19,215.3393,217.8,7001501
2020-09-09 01:00:00.000000,218.95,221.62,218.52,219.63,5418297
2020-09-10 01:00:00.000000,220.54,220.68,217.15,217.8,3838665
2020-09-11 01:00:00.000000,218.0,219.265,216.92,217.93,3437465
2020-09-14 01:00:00.000000,219.0,221.32,218.3,219.94,4070857
2020-09-15 01:00:00.000000,220.08,221.57,218.45,218.94,3864321
2020-09-16 01:00:00.000000,220.28,222.26,219.19,219.59,5663404
2020-09-17 01:00:00.000000,218.46,218.68,216.5,218.05,6942515
2020-09-18 01:00:00.000000,219.08,221.01,217.83,218.21,11864010
2020-09-21 01:00:00.000000,214.0,215.45,208.73,213.02,8342537
2020-09-22 01:00:00.000000,212.54,214.75,211.7,214.16,5291711
2020-09-23 01:00:00.000000,213.94,214.88,209.38,209.61,4424597
2020-09-24 01:00:00.000000,209.14,210.23,206.58,208.72,3963496
2020-09-25 01:00:00.000000,207.0,211.11,206.82,210.45,3563345
2020-09-28 01:00:00.000000,213.22,215.47,212.0206,213.54,5043931
2020-09-29 01:00:00.000000,213.59,213.59,210.24,210.44,4037925
2020-09-30 01:00:00.000000,211.11,213.7,210.7522,212.94,5822458
2020-10-01 01:00:00.000000,214.3,214.385,210.62,212.02,4758944
2020-10-02 01:00:00.000000,209.84,213.68,209.53,211.18,4421401
2020-10-05 01:00:00.000000,213.09,213.9,212.05,212.36,3649194
2020-10-06 01:00:00.000000,212.65,213.48,209.65,210.26,5315644
2020-10-07 01:00:00.000000,212.33,214.67,211.36,213.29,3759814
2020-10-08 01:00:00.000000,214.39,215.69,213.44,215.15,3612138
2020-10-09 01:00:00.000000,215.88,216.2924,214.16,215.68,3091717
2020-10-12 01:00:00.000000,216.74,217.43,215.12,216.41,3903098
2020-10-13 01:00:00.000000,215.76,216.38,212.0,212.31,4850195
2020-10-14 01:00:00.000000,212.02,212.35,210.54,210.91,5026903
2020-10-15 01:00:00.000000,209.27,211.99,208.22,211.65,3063809
2020-10-16 01:00:00.000000,211.84,213.8253,211.81,211.91,3630992
2020-10-19 01:00:00.000000,212.16,212.32,208.2,208.99,3413786
2020-10-20 01:00:00.000000,209.63,211.45,209.41,210.06,3888817
2020-10-21 01:00:00.000000,208.97,211.38,208.6103,210.18,3196330
2020-10-22 01:00:00.000000,209.63,211.78,209.23,211.61,2949963
2020-10-23 01:00:00.000000,212.43,213.87,211.73,212.71,2831432
2020-10-26 01:00:00.000000,209.64,210.26,207.0,208.49,4717982
2020-10-27 01:00:00.000000,208.0,208.48,206.58,206.88,3039192
2020-10-28 01:00:00.000000,202.68,203.88,199.79,200.7,7538290
2020-10-29 01:00:00.000000,200.03,202.955,197.81,201.51,5227943
2020-10-30 01:00:00.000000,200.51,202.271,198.7,201.9,5755622
2020-11-02 01:00:00.000000,204.84,206.18,203.06,204.31,5940592
2020-11-03 01:00:00.000000,206.93,209.8007,206.36,206.63,5472813
2020-11-04 01:00:00.000000,206.59,210.15,204.78,206.17,5978686
2020-11-05 01:00:00.000000,208.69,210.86,206.97,207.45,5940982
2020-11-06 01:00:00.000000,208.45,210.26,207.5875,208.85,4324663
2020-11-09 01:00:00.000000,221.97,225.23,218.01,221.5,11343436
2020-11-10 01:00:00.000000,221.82,228.61,220.94,228.48,7059371
2020-11-11 01:00:00.000000,228.5,228.98,225.4701,227.37,4789221
2020-11-12 01:00:00.000000,225.01,225.88,223.18,224.72,5111764
2020-11-13 01:00:00.000000,226.5,228.145,225.29,227.42,4790845
2020-11-16 01:00:00.000000,230.58,233.46,229.86,233.1,5768612
2020-11-17 01:00:00.000000,231.93,234.97,230.01,233.16,5040020
2020-11-18 01:00:00.000000,233.57,234.476,230.0,230.07,4741785
2020-11-19 01:00:00.000000,229.67,229.97,227.6154,229.53,4623632
2020-11-20 01:00:00.000000,228.78,229.72,226.771,227.01,4028442
2020-11-23 01:00:00.000000,229.77,230.5,228.0442,229.54,3632543
2020-11-24 01:00:00.000000,232.45,234.99,231.24,233.92,4714771
2020-11-25 01:00:00.000000,233.92,234.0,232.0104,233.13,3249877
2020-11-27 01:00:00.000000,233.1,234.17,230.45,231.55,1935806
2020-11-30 01:00:00.000000,231.19,231.29,228.165,228.91,5989549
2020-12-01 01:00:00.000000,230.23,231.98,229.34,229.68,4442626
2020-12-02 01:00:00.000000,229.8,230.59,228.31,230.42,4681526
2020-12-03 01:00:00.000000,230.0,231.5,228.87,231.02,4699041
2020-12-04 01:00:00.000000,230.24,231.89,230.24,231.35,4753002
2020-12-07 01:00:00.000000,231.26,231.26,228.1,229.24,4743430
2020-12-08 01:00:00.000000,227.46,228.735,226.61,228.19,4590686
2020-12-09 01:00:00.000000,228.57,228.9,226.635,227.51,4874314
2020-12-10 01:00:00.000000,226.45,227.87,225.728,227.35,4567434
2020-12-11 01:00:00.000000,225.2,226.73,224.595,226.39,4028353
2020-12-14 01:00:00.000000,227.68,228.06,222.36,222.85,6545455
2020-12-15 01:00:00.000000,224.83,225.86,222.73,224.38,5169074
2020-12-16 01:00:00.000000,225.48,225.48,221.82,221.91,7994869
2020-12-17 01:00:00.000000,222.51,225.02,221.6673,224.68,7390467
2020-12-18 01:00:00.000000,224.79,225.2,221.68,223.43,20672799
2020-12-21 01:00:00.000000,222.02,224.2,221.26,223.49,7376589
2020-12-22 01:00:00.000000,223.58,223.75,221.76,221.88,6165628
2020-12-23 01:00:00.000000,222.63,224.91,222.61,224.24,4984149
2020-12-24 01:00:00.000000,224.6,227.125,224.21,226.53,2386994
2020-12-28 01:00:00.000000,228.09,230.15,227.36,228.41,3507318
2020-12-29 01:00:00.000000,230.5,231.1,229.1,229.57,3800358
2020-12-30 01:00:00.000000,229.54,230.585,229.08,229.65,3257957
2020-12-31 01:00:00.000000,229.28,232.28,228.89,231.87,4228870
